domain_id,future_domain,example_terms,trend_label,trend_score,source,horizon_year,trend_tier
WEF01,AI & Machine Learning,"machine learning, deep learning, generative AI, large language models, neural networks, MLOps, computer vision, NLP, transformers, PyTorch, TensorFlow, reinforcement learning, natural language processing, predictive analytics, automated decision systems",Strong_Growth,1.0,WEF_FutureOfJobs_2025,2030,Strong_Growth
WEF02,Big Data & Analytics,"data analytics, data engineering, business intelligence, data visualization, statistical modeling, data pipelines, data warehousing, ETL, Spark, Hadoop, data lakes, KPI dashboards, A/B testing, quantitative analysis, data science",Strong_Growth,0.9,WEF_FutureOfJobs_2025,2030,Strong_Growth
WEF03,Networks & Cybersecurity,"cybersecurity, information security, penetration testing, threat intelligence, zero trust, SOC, incident response, encryption, vulnerability assessment, SIEM, firewall, malware analysis, compliance audit, security operations, digital forensics, network engineering, network protocols, TCP/IP, routing, switching, SD-WAN, network monitoring, intrusion detection, IPS, IDS, network architecture",Strong_Growth,0.9,WEF_FutureOfJobs_2025,2030,Strong_Growth
WEF04,Cloud Computing & Infrastructure,"cloud computing, kubernetes, docker, AWS, Azure, GCP, terraform, infrastructure as code, CI/CD, DevOps, container orchestration, serverless, load balancing, auto-scaling, cloud migration",Strong_Growth,0.85,WEF_FutureOfJobs_2025,2030,Strong_Growth
WEF05,Digital Platforms & E-commerce,"e-commerce, digital marketing, platform engineering, marketplace, fintech, digital payments, SaaS, omnichannel, conversion optimization, customer analytics, subscription models, API monetization",Moderate_Growth,0.7,WEF_FutureOfJobs_2025,2030,Moderate_Growth
WEF06,Environmental & Sustainability Technology,"green technology, sustainable computing, energy efficiency, smart grids, environmental monitoring, carbon footprint, renewable energy, circular economy, ESG metrics, lifecycle assessment, clean tech, environmental stewardship",Moderate_Growth,0.6,WEF_FutureOfJobs_2025,2035,Moderate_Growth
WEF07,Human-AI Collaboration,"prompt engineering, AI-assisted coding, copilot, human-in-the-loop, explainable AI, AI ethics, responsible AI, augmented intelligence, decision support, AI governance, collaborative automation, AI fluency",Strong_Growth,0.95,WEF_FutureOfJobs_2025,2030,Strong_Growth
WEF08,Technological Literacy & Digital Fluency,"technological literacy, digital fluency, digital tools, digital transformation, technology adoption, tech-savviness, information literacy, digital citizenship, digital problem-solving, ICT skills, computational thinking",Strong_Growth,0.85,WEF_FutureOfJobs_2025,2030,Strong_Growth
ONET01,Software Development & Engineering,"software engineering, full-stack development, API design, microservices, agile, scrum, version control, testing, debugging, REST APIs, GraphQL, code review, refactoring, design patterns, clean architecture",Moderate_Growth,0.65,ONET_BrightOutlook_2024,2034,Moderate_Growth
ONET02,Database & Systems Administration,"database administration, SQL, PostgreSQL, MongoDB, system administration, Linux, networking, backup, monitoring, Redis, indexing, query optimization, replication, disaster recovery",Moderate_Growth,0.5,ONET_BrightOutlook_2024,2034,Moderate_Growth
ONET03,UX/UI & Digital Design,"user experience, user interface, Figma, wireframing, prototyping, accessibility, responsive design, user research, usability testing, design systems, information architecture, WCAG",Moderate_Growth,0.55,ONET_BrightOutlook_2024,2034,Moderate_Growth
ONET04,Game Development & Interactive Media,"game development, Unity, Unreal Engine, 3D modeling, game design, VR, AR, interactive media, shader programming, gameplay programming, physics simulation, asset pipeline, multiplayer networking",Moderate_Growth,0.6,ONET_BrightOutlook_2024,2034,Moderate_Growth
ONET05,Quality Assurance & Testing,"software testing, test automation, QA, quality assurance, unit testing, integration testing, selenium, cypress, CI/CD testing, test-driven development, regression testing, performance testing, load testing, acceptance testing, test strategy",Moderate_Growth,0.55,ONET_BrightOutlook_2024,2034,Moderate_Growth
ONET06,Blockchain & Distributed Systems,"blockchain, distributed ledger, smart contracts, cryptocurrency, Web3, decentralized applications, consensus algorithms, digital payments, tokenization, DeFi",Moderate_Growth,0.5,ONET_BrightOutlook_2024,2034,Moderate_Growth
MCK01,Process Automation & RPA,"robotic process automation, workflow automation, scripting, low-code, no-code, business process management, Power Automate, UiPath, process mining, digital workers, task automation",Moderate_Growth,0.5,McKinsey_FutureOfWork_2025,2030,Moderate_Growth
MCK02,Advanced Communication & Collaboration,"technical writing, cross-functional collaboration, remote work tools, stakeholder management, presentation skills, agile ceremonies, documentation, knowledge sharing, influencing, negotiation",Moderate_Growth,0.4,McKinsey_FutureOfWork_2025,2030,Stable
MCK03,Leadership & People Development,"leadership, team management, mentoring, coaching, talent management, performance management, hiring, onboarding, career development, people management, motivation, delegation, conflict resolution, team building, empowerment",Moderate_Growth,0.55,McKinsey_FutureOfWork_2025,2030,Moderate_Growth
MCK04,"Critical, Analytical & Creative Thinking","analytical thinking, critical thinking, problem solving, creative thinking, creativity, ideation, decision making, strategic thinking, logical reasoning, root cause analysis, troubleshooting, design thinking, systems thinking, judgment, innovation, lateral thinking",Strong_Growth,0.85,WEF_FutureOfJobs_2025,2030,Strong_Growth
MCK05,"Resilience, Adaptability & Lifelong Learning","resilience, flexibility, agility, adaptability, change management, continuous learning, lifelong learning, growth mindset, self-motivation, stress management, time management, work-life balance, curiosity, intellectual curiosity, learning agility, upskilling, reskilling",Strong_Growth,0.8,WEF_FutureOfJobs_2025,2030,Strong_Growth
ESCO01,Project Management & Agile Methodologies,"project management, scrum master, kanban, sprint planning, backlog grooming, product owner, stakeholder alignment, risk management, milestone tracking, JIRA, resource allocation, project lifecycle, waterfall, prince2, PMI",Moderate_Growth,0.55,ESCO_v1.2_2024,2030,Moderate_Growth
ESCO02,Business Analysis & Requirements Engineering,"business analysis, requirements engineering, requirements gathering, user stories, use cases, functional specification, gap analysis, process modeling, domain knowledge, industry knowledge, business acumen, stakeholder interviews",Moderate_Growth,0.5,ESCO_v1.2_2024,2030,Moderate_Growth
DEC01,Routine Data Entry & Clerical,"data entry, routine clerical work, simple repetitive administration, manual bookkeeping, form filling, spreadsheet data entry, manual transcription, basic secretarial tasks, paperwork processing, manual filing",Decline,-0.6,WEF_FutureOfJobs_2025,2030,Declining
DEC02,Legacy Web Development,"static websites, basic HTML only, table-based layouts, Flash development, frames, inline styles, deprecated tags, jQuery-only frontends, legacy PHP, ASP classic",Decline,-0.4,Expert_consensus,2028,Declining
DEC03,Routine Maintenance Coding,"boilerplate code updates, simple feature maintenance, repetitive bug fixing without design thinking, copy-paste programming, trivial CRUD, minor tweaks, manual code generation, formulaic refactors",Decline,-0.3,WEF_FutureOfJobs_2025,2030,Declining
