gold_id,item_text,item_type,pipeline_domain,pipeline_similarity,true_domain_id,labeler_id,notes
gfs_43573cd2850f,oversees the addition,skill,Leadership & People Development,0.247,,,
gfs_47d44fa1428f,accelerate machine learning,skill,AI & Machine Learning,0.378,,,
gfs_f6340cf8686c,press against something with steady force,skill,Advanced Communication & Collaboration,0.043,,,
gfs_a182960cd6ea,develop architectures that are API-centric,skill,Software Development & Engineering,0.377,,,
gfs_7f5f9f05c313,support real -world game development.,skill,Game Development & Interactive Media,0.459,,,
gfs_76fa62f1735c,Serve as a subject matter expert on related processes,skill,Business Analysis & Requirements Engineering,0.416,,,
gfs_339e38c3bd57,understand a billing platform,skill,Digital Platforms & E-commerce,0.445,,,
gfs_8033852aafb1,create Test Classes,skill,Quality Assurance & Testing,0.287,,,
gfs_1faad6d2a37c,deliver complex distributed systems,skill,Blockchain & Distributed Systems,0.433,,,
gfs_34a4ce760767,specify cabling infrastructure,skill,Cloud Computing & Infrastructure,0.243,,,
gfs_588269b66966,develop API,skill,Software Development & Engineering,0.326,,,
gfs_4f69183b2dd3,study data trend,skill,Big Data & Analytics,0.34,,,
gfs_65f04316861c,file documents,skill,Routine Data Entry & Clerical,0.253,,,
gfs_03be3454e4b4,pressure test a major product bet,skill,Quality Assurance & Testing,0.146,,,
gfs_ae2c3457cced,provide product care and service,skill,Routine Maintenance Coding,0.244,,,
gfs_178ae7d70c74,deliver essential service,skill,Advanced Communication & Collaboration,0.203,,,
gfs_3b406cd57e5b,deliver pizza,skill,Blockchain & Distributed Systems,0.042,,,
gfs_cc30dd427f60,analyzing project scheduling activities for Ship,skill,Project Management & Agile Methodologies,0.355,,,
gfs_b5f64c855503,standardize deployment practices,skill,Routine Maintenance Coding,0.307,,,
gfs_5809d23fafea,create sustainable change,skill,Environmental & Sustainability Technology,0.405,,,
gfs_b0461b2c9022,supporting sustainable business practices,skill,Environmental & Sustainability Technology,0.365,,,
gfs_b55bbedcf429,detail technical solutions,skill,Advanced Communication & Collaboration,0.383,,,
gfs_137bee18269a,address DSP escalations,skill,Database & Systems Administration,0.14,,,
gfs_f01334996402,lead multi-disciplinary projects,skill,Advanced Communication & Collaboration,0.415,,,
gfs_2421b5cbaf33,optimize database performance,skill,Database & Systems Administration,0.263,,,
gfs_b2855037bf51,tracking money flows across borders,skill,Blockchain & Distributed Systems,0.232,,,
gfs_8a4618b7673f,drive business agenda,skill,Business Analysis & Requirements Engineering,0.354,,,
gfs_a03f9b2195e1,optimal performance.,skill,Database & Systems Administration,0.177,,,
gfs_92e685e8d060,act as a trusted finance contact,skill,Advanced Communication & Collaboration,0.176,,,
gfs_2728c9d12b3d,provide field engineering oversight,skill,Business Analysis & Requirements Engineering,0.326,,,
gfs_cd793483d791,Team oriented,skill,Leadership & People Development,0.37,,,
gfs_c556d9d469c0,build robots,skill,Human-AI Collaboration,0.354,,,
gfs_70446ca5d5ea,support the automation of manufacturing processes,skill,Process Automation & RPA,0.503,,,
gfs_818c36e706e2,monitor new technologies,skill,Environmental & Sustainability Technology,0.331,,,
gfs_8acf598aa304,align engineering activities,skill,Business Analysis & Requirements Engineering,0.341,,,
gfs_589215d66e1a,solve different tasks,skill,Critical Thinking & Problem Solving,0.365,,,
gfs_0527552ff755,define channel strategy,skill,Project Management & Agile Methodologies,0.175,,,
gfs_1b858fea3239,support ML solutions,skill,AI & Machine Learning,0.306,,,
gfs_ed53e3c62f98,resilient integration landscapes?,skill,Resilience & Adaptability,0.519,,,
gfs_ecd7a66a6395,work with digital provider representatives,skill,Digital Platforms & E-commerce,0.329,,,
gfs_1d5f26754ebb,leveraging AI techniques,skill,AI & Machine Learning,0.362,,,
gfs_aa07b9c58ab9,advise on scalability strategy,skill,Legacy Web Development,0.22,,,
gfs_655376433b4a,explore AI-assisted development,skill,Human-AI Collaboration,0.596,,,
gfs_c647c16d55c8,user -friendly interfaces.,skill,UX/UI & Digital Design,0.466,,,
gfs_0a16a80a9707,develop specialist expertise in Data and Analytics,skill,Big Data & Analytics,0.515,,,
gfs_55e4b78bc035,manage programme management for assigned projects,skill,Project Management & Agile Methodologies,0.44,,,
gfs_0d3f9131d417,Create clear SLAs,skill,Cybersecurity,0.127,,,
gfs_24a0bea0d823,ensure security controls,skill,Cybersecurity,0.293,,,
gfs_ba583f1d1794,provide advanced technical expertise for critical power solutions,skill,Critical Thinking & Problem Solving,0.398,,,
gfs_6cabc2bd77f2,ensure efficient cloud utilization,skill,Cloud Computing & Infrastructure,0.412,,,
gfk_52bd767e0a9b,automated data quality validation pipelines,knowledge,Quality Assurance & Testing,0.313,,,
gfk_d690b7b98363,Automated Machine Learning (AutoML),knowledge,AI & Machine Learning,0.378,,,
gfk_783b550d8a53,IP enforcement,knowledge,Cybersecurity,0.215,,,
gfk_92be3f997bb9,digital literacy,knowledge,Technological Literacy & Digital Fluency,0.609,,,
gfk_de88d3b55ab4,Human-in-the-Loop,knowledge,Human-AI Collaboration,0.347,,,
gfk_930095dba4ba,full-stack software engineering,knowledge,Software Development & Engineering,0.468,,,
gfk_9ae6e2e8a0bc,sustainability integration,knowledge,Environmental & Sustainability Technology,0.507,,,
gfk_55326051fe1e,learning for life,knowledge,Resilience & Adaptability,0.319,,,
gfk_eba5e5869c5f,qualification methodologies,knowledge,Business Analysis & Requirements Engineering,0.42,,,
gfk_fdbbfedcfc4e,water components,knowledge,Cloud Computing & Infrastructure,0.197,,,
gfk_5632ffd3ceab,turnkey asset management program (TAMP),knowledge,Digital Platforms & E-commerce,0.182,,,
gfk_2ca655495aea,concept boards,knowledge,Legacy Web Development,0.368,,,
gfk_56412b5b186f,child safety standards,knowledge,Cybersecurity,0.208,,,
gfk_3f37694eebba,esports,knowledge,Game Development & Interactive Media,0.338,,,
gfk_13d3a0faa0cc,Workday Pro,knowledge,Routine Maintenance Coding,0.207,,,
gfk_fa43b69088f3,Solutions Architecture,knowledge,Routine Maintenance Coding,0.289,,,
gfk_02e6971fb468,airborne vehicle systems,knowledge,Cloud Computing & Infrastructure,0.201,,,
gfk_f8badccb8e9b,IT Project Management Office,knowledge,Project Management & Agile Methodologies,0.452,,,
gfk_7dcb1f17ceb0,Engineering Change Orders (ECOs),knowledge,Environmental & Sustainability Technology,0.222,,,
gfk_7224ef74e93f,APM tools,knowledge,Project Management & Agile Methodologies,0.259,,,
gfk_f438f63d1c34,first-person shooter development,knowledge,Game Development & Interactive Media,0.363,,,
gfk_e89603dd08e2,governance controls,knowledge,Blockchain & Distributed Systems,0.224,,,
gfk_ecc497f588dd,StackWise,knowledge,Database & Systems Administration,0.208,,,
gfk_4cdbd2bafa81,Graph,knowledge,Big Data & Analytics,0.15,,,
gfk_12722af0524a,marketplace interactions,knowledge,Digital Platforms & E-commerce,0.36,,,
gfk_d9b003c30dac,Moralis,knowledge,Blockchain & Distributed Systems,0.215,,,
gfk_e37d8140e243,Infrastructure as a Service (IaaS),knowledge,Cloud Computing & Infrastructure,0.481,,,
gfk_3c575fe4b6c0,biology,knowledge,Leadership & People Development,0.177,,,
gfk_31b75b20d7cf,automotive aftermarket parts sector,knowledge,Business Analysis & Requirements Engineering,0.262,,,
gfk_b9eb06460148,electric drive solutions,knowledge,Critical Thinking & Problem Solving,0.136,,,
gfk_2ca3d86b5ed6,AI-native factories,knowledge,Human-AI Collaboration,0.401,,,
gfk_2708761df7bd,fiber network design data,knowledge,UX/UI & Digital Design,0.233,,,
gfk_84c8f0bd7897,project post sales management,knowledge,Project Management & Agile Methodologies,0.398,,,
gfk_bc8d326d651b,use case scenarios,knowledge,Business Analysis & Requirements Engineering,0.362,,,
gfk_bc6f8b77a48a,cyber crisis response,knowledge,Cybersecurity,0.365,,,
gfk_f3ef6c19d15d,Collections & Recoveries capability,knowledge,Database & Systems Administration,0.265,,,
gfk_7bff9515c59a,bushfire,knowledge,Routine Maintenance Coding,0.108,,,
gfk_02b96ea298ff,formal training,knowledge,Routine Data Entry & Clerical,0.36,,,
gfk_34c8068dfbbe,marketing technology,knowledge,Digital Platforms & E-commerce,0.413,,,
gfk_393c00df341f,Benefact Group,knowledge,Advanced Communication & Collaboration,0.139,,,
gfk_9d7168984b2e,reporting skills,knowledge,Routine Data Entry & Clerical,0.355,,,
gfk_e57eee96a999,leader effectiveness,knowledge,Leadership & People Development,0.396,,,
gfk_bd7bea6d847f,ML/AI,knowledge,AI & Machine Learning,0.501,,,
gfk_4ae0c1cd5ffe,value chain,knowledge,Blockchain & Distributed Systems,0.249,,,
gfk_07dc3dd8dd42,Test Lab,knowledge,Quality Assurance & Testing,0.318,,,
gfk_9463f87bbed1,YAML,knowledge,Database & Systems Administration,0.22,,,
gfk_dd499a46bb9a,vector DBs,knowledge,Database & Systems Administration,0.328,,,
gfk_ddea052ec0fb,ProVQ,knowledge,Critical Thinking & Problem Solving,0.236,,,
gfk_964330359a07,pragmatic architectural thinking,knowledge,Critical Thinking & Problem Solving,0.347,,,
gfk_5531eb9409fa,open source tools,knowledge,Database & Systems Administration,0.331,,,
