job_id,date_posted,total_components,covered_components,coverage_percentage,skill_coverage_pct,knowledge_coverage_pct,avg_skill_confidence,avg_knowledge_confidence,missing_components_count,job_date,job_year,job_month
in-1ff77799c8c16660,,19,0,0.0,0.0,0.0,0.6384916915090745,0.0,19,2025-10-23,2025,2025-10
in-8b20bbf16019e5c1,,19,2,0.0263029315363752,0.0263029315363752,0.0,0.5900345493942858,0.0,17,2025-11-26,2025,2025-11
in-c6260e808dfcf870,,19,0,0.0,0.0,0.0,0.604806528,0.0,19,2025-11-10,2025,2025-11
in-08bda50c77b08f46,,19,0,0.0,0.0,0.0,0.5974072992,0.0,19,2025-11-24,2025,2025-11
in-9c56a08563d056f0,,19,0,0.0,0.0,0.0,0.0,0.0,19,2025-12-01,2025,2025-12
in-63f669715089b1d1,,19,0,0.0,0.0,0.0,0.0,0.0,19,2025-12-01,2025,2025-12
in-e60f7f8e30553e08,,19,3,0.0533459284849075,0.0152617094809289,0.0380842190039785,0.644398930944,0.75,16,2025-04-04,2025,2025-04
in-f8982109357c56e0,,19,5,0.1418634072209878,0.0427182864856094,0.1418634072209878,0.5717417572800001,0.8249762975474199,14,2025-08-15,2025,2025-08
in-ea2cd0b0c6f52f4f,,19,1,0.0175836287046733,0.0,0.0175836287046733,0.6512757603840001,0.75,18,2025-11-04,2025,2025-11
in-26af18a0c573f667,,19,1,0.0075053311094815,0.0075053311094815,0.0,0.6461815863039798,0.0,18,2025-09-25,2025,2025-09
in-6e0bef22111034dc,,19,3,0.0343702937600657,0.0343702937600657,0.0,0.6166425868800001,0.75,16,2025-11-26,2025,2025-11
in-1d2c80ce481cb11f,,19,0,0.0,0.0,0.0,0.0,0.0,19,2025-11-30,2025,2025-11
in-aff3b59d34df3979,,19,5,0.0826433990925027,0.0826433990925027,0.0,0.607024410624,0.0,14,2025-07-25,2025,2025-07
in-42b2f9911c525537,,19,0,0.0,0.0,0.0,0.0,0.0,19,2025-10-21,2025,2025-10
in-cd0b808434c4f92d,,19,0,0.0,0.0,0.0,0.0,0.0,19,2025-11-25,2025,2025-11
in-083ac975933f3cb9,,19,2,0.0246769735433113,0.0246769735433113,0.0,0.5553908252206841,0.0,17,2025-10-21,2025,2025-10
in-9f46d4765e1e5db4,,19,0,0.0,0.0,0.0,0.60086304,0.0,19,2025-12-01,2025,2025-12
in-879b2fe47e1fbc66,,19,5,0.1179019203363627,0.1179019203363627,0.0,0.6722125907833334,0.75,14,2025-11-25,2025,2025-11
in-b743930ff16064e7,,19,6,0.1186766699740761,0.0,0.1186766699740761,0.5705694720000001,0.75,13,2025-12-01,2025,2025-12
in-3d878553075cff9f,,19,0,0.0,0.0,0.0,0.0,0.0,19,2025-11-18,2025,2025-11
in-66b97dc6ae697ac9,,19,2,0.0198053302502065,0.0198053302502065,0.0,0.6214994332257328,0.0,17,2025-11-07,2025,2025-11
in-3787ada24baceced,,19,5,0.1397376170999396,0.0,0.1397376170999396,0.0,0.824128649165233,14,2025-11-19,2025,2025-11
in-35bde22582c02ec9,,19,0,0.0,0.0,0.0,0.0,0.0,19,2025-10-06,2025,2025-10
in-5986e2e416ec3ef2,,19,2,0.0160658165652408,0.0160658165652408,0.0,0.5790532404377838,0.0,17,2025-12-01,2025,2025-12
in-76bdc299da84b00b,,19,0,0.0,0.0,0.0,0.608334912,0.0,19,2025-11-20,2025,2025-11
in-dcd8dd1044f2926f,,19,0,0.0,0.0,0.0,0.6633567104304228,0.7902500045001507,19,2025-11-21,2025,2025-11
in-c07071dff55c7f74,,19,0,0.0,0.0,0.0,0.0,0.0,19,2025-10-31,2025,2025-10
in-04d821a61bf4f3f8,,19,3,0.0629914680377639,0.0388579539007536,0.0607095950528195,0.6059065536000001,0.75,16,2025-05-05,2025,2025-05
in-6434f75ccfa896cd,,19,5,0.0992104900510687,0.008713917262315,0.0992104900510687,0.612065823925249,0.75,14,2025-11-25,2025,2025-11
in-59f89f855608fde0,,19,9,0.252341271762277,0.1406279250801802,0.1519900315686276,0.7365053693638001,0.75,10,2025-11-26,2025,2025-11
in-7f1b7715acb11a2e,,19,6,0.1194980395467658,0.0139797987949011,0.1194980395467658,0.6025317580800001,0.75,13,2025-11-21,2025,2025-11
in-4253237d507304c7,,19,3,0.0632665684348658,0.0,0.0632665684348658,0.0,0.75,16,2025-05-06,2025,2025-05
in-2ea46d88545e7e84,,19,1,0.0270578465388117,0.0270578465388117,0.0,0.6567019953873726,0.75,18,2025-11-24,2025,2025-11
in-81cfe369e4ad49b5,,19,2,0.0400102841226678,0.0,0.0400102841226678,0.0,0.75,17,2025-12-01,2025,2025-12
in-3f1f20262049095a,,19,2,0.0357136993169569,0.0357136993169569,0.0,0.6847775072755007,0.0,17,2025-11-25,2025,2025-11
in-bf0e9f6211607d23,,19,8,0.1808061626302715,0.0763257615460894,0.1674428946093509,0.8716936831468179,0.75,11,2025-11-28,2025,2025-11
in-ff31808feab0524e,,19,2,0.0253303695794941,0.0253303695794941,0.0,0.7287457863228584,0.0,17,2025-10-05,2025,2025-10
in-4db732b0a6c93338,,19,0,0.0,0.0,0.0,0.0,0.0,19,2025-11-28,2025,2025-11
in-38cb96df699cfbe8,,19,0,0.0,0.0,0.0,0.0,0.0,19,2025-12-01,2025,2025-12
in-02596bd1a3533b48,,19,0,0.0,0.0,0.0,0.0,0.0,19,2025-11-27,2025,2025-11
in-50790458f1cb7392,,19,0,0.0,0.0,0.0,0.6426032257629801,0.0,19,2025-11-17,2025,2025-11
in-3eb6babc74e5b1cc,,19,0,0.0,0.0,0.0,0.0,0.0,19,2025-11-27,2025,2025-11
in-f0b8e867898d9fc7,,19,2,0.0541467510118537,0.0224247095330906,0.0541467510118537,0.7015519965297777,0.8291696002036333,17,2025-12-01,2025,2025-12
in-5b082ff425ffc95e,,19,0,0.0,0.0,0.0,0.0,0.0,19,2025-11-25,2025,2025-11
in-2adf3d78f57c1387,,19,0,0.0,0.0,0.0,0.600240384,0.0,19,2025-11-27,2025,2025-11
in-6a11f6623b90c10e,,19,1,0.011530598062945,0.011530598062945,0.0,0.6114410072669928,0.0,18,2025-11-28,2025,2025-11
in-819016745fbf8e52,,19,4,0.042622970980008,0.042622970980008,0.0,0.6076768851475884,0.0,15,2025-11-20,2025,2025-11
in-b0e3d6930bef9118,,19,0,0.0,0.0,0.0,0.619434432,0.0,19,2025-11-26,2025,2025-11
in-68c8bc8b4022b6bd,,19,13,0.2596400252266405,0.1127052946061742,0.2511695821404762,0.62010256896,0.6746482714653016,6,2025-10-19,2025,2025-10
in-b99d92a34ea0a07c,,19,0,0.0,0.0,0.0,0.60086304,0.0,19,2025-09-12,2025,2025-09
in-b59719e8c96312ce,,19,0,0.0,0.0,0.0,0.0,0.0,19,2025-12-01,2025,2025-12
in-9068e588b7dc4f2d,,19,7,0.1366460781166835,0.0720624905628006,0.1129592525331597,0.62662854528,0.75,12,2025-11-25,2025,2025-11
in-a8f3619ace5efe56,,19,0,0.0,0.0,0.0,0.5336412300000001,0.0,19,2025-11-27,2025,2025-11
in-277cf9b06c74153d,,19,0,0.0,0.0,0.0,0.6759867089054515,0.0,19,2025-11-26,2025,2025-11
in-f60c7c41c622d9ed,,19,0,0.0,0.0,0.0,0.7021246495368791,0.0,19,2025-09-03,2025,2025-09
in-6d6cab98b74e874f,,19,0,0.0,0.0,0.0,0.596504448,0.0,19,2025-11-19,2025,2025-11
in-ea5fe0c67dbb09a7,,19,15,0.3415496476956864,0.2124915652980921,0.2494963629319948,0.7298954198688089,0.703320140124395,4,2025-11-06,2025,2025-11
in-5bd95884fcfdbfe2,,19,10,0.1838506775104428,0.1359154807524162,0.1333899613079474,0.536040160704,0.8052079573646187,9,2025-10-01,2025,2025-10
in-c27782a9a21e0b3c,,19,0,0.0,0.0,0.0,0.0,0.0,19,2025-12-01,2025,2025-12
in-fc0463e146e0287e,,19,0,0.0,0.0,0.0,0.596089344,0.0,19,2025-11-14,2025,2025-11
in-202d174576a6328b,,19,3,0.0546620739133734,0.0114071444247865,0.0546620739133734,0.4794505371,0.75,16,2025-12-01,2025,2025-12
in-070ac45a5adefcb1,,19,0,0.0,0.0,0.0,0.595362912,0.75,19,2025-10-03,2025,2025-10
in-f1d38688733ca9cc,,19,1,0.0081530858280653,0.0081530858280653,0.0,0.6510361859991902,0.0,18,2025-11-27,2025,2025-11
in-8cb2b3de05fe17bb,,19,5,0.0867443155560918,0.03940603122837,0.0612520186524642,0.5746206569951021,0.7064,14,2025-10-22,2025,2025-10
in-7558c06efa202e1d,,19,0,0.0,0.0,0.0,0.5757808320000001,0.0,19,2025-11-17,2025,2025-11
in-3d91d1f91a2e35ff,,19,1,0.0061177763653886,0.0061177763653886,0.0,0.56477389824,0.0,18,2025-10-10,2025,2025-10
in-2f43fa6cbbb72894,,19,0,0.0,0.0,0.0,0.5915232,0.0,19,2025-11-18,2025,2025-11
in-024241def5374d0c,,19,0,0.0,0.0,0.0,0.609868992,0.0,19,2025-11-28,2025,2025-11
in-5b8b8b6b495946f5,,19,0,0.0,0.0,0.0,0.604071072,0.0,19,2025-12-01,2025,2025-12
in-1e8d401875ab7ace,,19,5,0.1534633058802839,0.0378068995315058,0.1534633058802839,0.6538095552000001,0.785974439246314,14,2025-11-30,2025,2025-11
in-1298c0a075adfe4e,,19,0,0.0,0.0,0.0,0.59852808,0.0,19,2025-11-13,2025,2025-11
in-63a74d7b6f2db43c,,19,0,0.0,0.0,0.0,0.0,0.0,19,2025-12-01,2025,2025-12
in-8335c5296046dc27,,19,10,0.2443020819057768,0.0685083130234686,0.2282950780600376,0.5159323781485714,0.7351840858012437,9,2025-08-04,2025,2025-08
in-59102c073373b270,,19,0,0.0,0.0,0.0,0.0,0.0,19,2025-10-02,2025,2025-10
in-77953b80cd21723e,,19,0,0.0,0.0,0.0,0.0,0.0,19,2025-11-03,2025,2025-11
in-f9055be6f9ab983b,,19,0,0.0,0.0,0.0,0.5722371072000001,0.0,19,2025-11-29,2025,2025-11
in-88f21b93380f7581,,19,0,0.0,0.0,0.0,0.0,0.0,19,2025-11-21,2025,2025-11
in-792c7c65733a1995,,19,3,0.0662425004083369,0.0360357514802122,0.0659235289222315,0.5169069906428572,0.75,16,2025-11-26,2025,2025-11
in-2650e0f960a33a06,,19,4,0.0584224733813344,0.0211460058572577,0.0372764675240767,0.7074403115369418,0.75,15,2025-07-03,2025,2025-07
in-12365ed7bd9554c7,,19,8,0.1509688746306955,0.100675504637021,0.1063916877696388,0.5567061804206593,0.75,11,2025-11-05,2025,2025-11
in-1d1c0634c3f84857,,19,0,0.0,0.0,0.0,0.0,0.0,19,2025-11-27,2025,2025-11
in-9816de77297ab668,,19,3,0.0528197141117157,0.0528197141117157,0.0,0.5778024389716554,0.0,16,2025-11-26,2025,2025-11
in-97ca47c5f555e42a,,19,1,0.0209177255630493,0.0098540942964094,0.0209177255630493,0.6239468783142256,0.7943669158901486,18,2025-10-17,2025,2025-10
in-3adbfcd2c67f939d,,19,0,0.0,0.0,0.0,0.5983257168,0.0,19,2025-11-13,2025,2025-11
in-b708da2b33f5c59c,,19,8,0.1806563961742466,0.0506450534730875,0.130011342701159,0.6621004454400001,0.7577502449631691,11,2025-11-24,2025,2025-11
in-57793e22513bd508,,19,11,0.2822307919319209,0.0849858629389732,0.2689428879519714,0.5313494783747369,0.7594509368070533,8,2025-12-01,2025,2025-12
in-50b5841a24fd900e,,19,0,0.0,0.0,0.0,0.0,0.0,19,2025-11-19,2025,2025-11
in-1c5a5a5c1628040b,,19,2,0.0616868848130895,0.0314055839963721,0.0616868848130895,0.6542620185600001,0.8305000090003013,17,2025-10-27,2025,2025-10
in-3e332c91d6fcc338,,19,0,0.0,0.0,0.0,0.0,0.0,19,2025-10-13,2025,2025-10
in-b99d92a34ea0a07c,,19,0,0.0,0.0,0.0,0.0,0.0,19,2025-09-12,2025,2025-09
in-8e8358720b2049a4,,19,2,0.0449271059256863,0.0,0.0449271059256863,0.5421175416000001,0.6791678101603801,17,2025-11-30,2025,2025-11
in-edd6ccf5e0d85d3f,,19,0,0.0,0.0,0.0,0.602731008,0.0,19,2025-11-18,2025,2025-11
in-a54cf9211ca3232d,,19,2,0.0147852866501695,0.0147852866501695,0.0,0.565784166857143,0.0,17,2025-11-20,2025,2025-11
in-731fc34f48c31ddd,,19,3,0.0425686656497438,0.0246108584351072,0.0179578072146365,0.5784486693120001,0.75,16,2025-11-26,2025,2025-11
in-66e35ec4c60e8c65,,19,3,0.0445091351725663,0.0445091351725663,0.0,0.7865976249736497,0.0,16,2025-12-01,2025,2025-12
in-ed7c0956d23b6e08,,19,12,0.2979107630633575,0.0,0.2979107630633575,0.6253509273600001,0.7055625011250377,7,2025-11-27,2025,2025-11
in-bafe771b70f448ef,,19,0,0.0,0.0,0.0,0.5876609280000001,0.0,19,2025-11-12,2025,2025-11
in-b608315da704076b,,19,11,0.2087914248806512,0.0131818103976428,0.2073923781548834,0.5971042011863078,0.6517215899906376,8,2025-11-13,2025,2025-11
in-82c62095c56a09f5,,19,4,0.0947409988009921,0.038366196280799,0.0947409988009921,0.5673627797760001,0.8281307036677995,15,2025-11-17,2025,2025-11
in-97cdfcc6f1f52a25,,19,0,0.0,0.0,0.0,0.0,0.0,19,2025-07-17,2025,2025-07
in-54f7e34be407fc22,,19,1,0.0069311683959099,0.0069311683959099,0.0,0.4838264470607143,0.0,18,2025-10-26,2025,2025-10
in-d5c2072747d98126,,19,5,0.1022872943627207,0.0465044147985931,0.1022872943627207,0.596967704064,0.75,14,2025-12-01,2025,2025-12
in-e8411fca8ec06a8c,,19,3,0.0368883904382333,0.0368883904382333,0.0,0.62668614096,0.0,16,2025-11-06,2025,2025-11
in-9516ffa363431c52,,19,0,0.0,0.0,0.0,0.587787264,0.0,19,2025-12-01,2025,2025-12
in-4e2c7333fb3867a6,,19,4,0.1193990269854365,0.0309505978642808,0.1174131694144954,0.6867636947242975,0.8305000090003014,15,2025-09-09,2025,2025-09
in-8f6c36d10ffe8c6f,,19,1,0.01594250965732,0.01594250965732,0.0,0.7529990449224574,0.0,18,2025-11-20,2025,2025-11
in-79e4552f2ecf8e59,,19,0,0.0,0.0,0.0,0.0,0.0,19,2025-11-30,2025,2025-11
in-b5334b461893d9f6,,19,0,0.0,0.0,0.0,0.0,0.0,19,2025-11-25,2025,2025-11
in-a44840d1dd1c3294,,19,0,0.0,0.0,0.0,0.0,0.0,19,2025-11-25,2025,2025-11
in-17ea04997c6f7520,,19,0,0.0,0.0,0.0,0.592924176,0.0,19,2025-12-01,2025,2025-12
in-4dd4be4468b8f8b5,,19,6,0.1192381415096296,0.1077748160049099,0.0393394736842105,0.6049074321941741,0.8279178730414973,13,2025-11-27,2025,2025-11
in-036c776371efd2b7,,19,4,0.1265093696332933,0.1265093696332933,0.0653634178011041,0.801397339956948,0.75,15,2025-11-26,2025,2025-11
in-fc00c70672996923,,19,5,0.1131242059420976,0.0184876412615223,0.1131242059420976,0.4702298112,0.8305000045001507,14,2025-12-01,2025,2025-12
in-3974672cef9dd264,,19,10,0.1342350953155432,0.1342350953155432,0.0,0.5895332995725056,0.0,9,2025-11-09,2025,2025-11
in-beb1a85439fc3710,,19,0,0.0,0.0,0.0,0.0,0.0,19,2025-11-25,2025,2025-11
in-7b43a558de387eeb,,19,0,0.0,0.0,0.0,0.0,0.0,19,2025-11-13,2025,2025-11
in-15fc9d5bf30a4f52,,19,0,0.0,0.0,0.0,0.5987460096,0.0,19,2025-11-27,2025,2025-11
in-78cf01cb605e5896,,19,3,0.0627697216009485,0.0627697216009485,0.0,0.6832199374668367,0.7786504614502192,16,2025-11-10,2025,2025-11
in-032bc9411bdc659a,,19,1,0.0071315599643468,0.0071315599643468,0.0,0.6361902954955699,0.0,18,2025-11-28,2025,2025-11
in-1f4ca5ad774310ff,,19,0,0.0,0.0,0.0,0.8478807010441146,0.0,19,2025-11-28,2025,2025-11
in-2b4593a631e8c63d,,19,0,0.0,0.0,0.0,0.0,0.0,19,2025-11-19,2025,2025-11
in-e7b40f00ec330220,,19,0,0.0,0.0,0.0,0.0,0.0,19,2025-11-19,2025,2025-11
in-7572e23d64239874,,19,2,0.0246169639079413,0.0246169639079413,0.0,0.5919305750224633,0.0,17,2025-11-19,2025,2025-11
in-2b8cc0db3b3c53f0,,19,0,0.0,0.0,0.0,0.5975006976,0.0,19,2025-07-01,2025,2025-07
in-b9d4aea91e3f2d0c,,19,1,0.0147651944703475,0.0147651944703475,0.0,0.4910900742,0.75,18,2025-11-28,2025,2025-11
in-b418b4139ba55785,,19,1,0.031578947368421,0.0,0.031578947368421,0.7840017998016015,0.75,18,2025-09-29,2025,2025-09
in-36f958252c0f085c,,19,0,0.0,0.0,0.0,0.0,0.0,19,2025-11-22,2025,2025-11
in-e2edd8471b03019f,,19,0,0.0,0.0,0.0,0.0,0.0,19,2025-11-23,2025,2025-11
in-9b5f98ea7564baaf,,19,0,0.0,0.0,0.0,0.6430401508135111,0.0,19,2025-11-25,2025,2025-11
in-fa78458f9443eaa7,,19,7,0.1749595091150635,0.017545731393467,0.1749595091150635,0.4896566784,0.8265462576150895,12,2025-12-01,2025,2025-12
in-752b949d027be167,,19,3,0.0705767531143991,0.0,0.0705767531143991,0.0,0.75,16,2025-09-17,2025,2025-09
in-4256252b53fa4d02,,19,1,0.031136212918441,0.0160696307912355,0.031136212918441,0.50253631776,0.8288124029934407,18,2025-12-02,2025,2025-12
in-04a259358cfcce85,,19,0,0.0,0.0,0.0,0.0,0.0,19,2025-11-21,2025,2025-11
in-d7de06cb3625cd66,,19,0,0.0,0.0,0.0,0.603146112,0.0,19,2025-11-28,2025,2025-11
in-0c8b9a27ece5aea6,,19,0,0.0,0.0,0.0,0.0,0.0,19,2025-11-25,2025,2025-11
in-3a1a1a0b4fe62a7e,,19,0,0.0,0.0,0.0,0.0,0.0,19,2025-11-27,2025,2025-11
in-390283a8b7c0d729,,19,0,0.0,0.0,0.0,0.0,0.0,19,2025-12-01,2025,2025-12
in-33451d1313ab6342,,19,0,0.0,0.0,0.0,0.61447430016,0.0,19,2025-10-22,2025,2025-10
in-05083d32f3b2c12f,,19,0,0.0,0.0,0.0,0.605564544,0.75,19,2025-12-01,2025,2025-12
in-e83f241d7e1a6827,,19,0,0.0,0.0,0.0,0.0,0.0,19,2025-11-10,2025,2025-11
in-58bfabff667346c3,,19,0,0.0,0.0,0.0,0.6224394240000001,0.0,19,2025-10-24,2025,2025-10
in-3b63eee1df14e4f6,,19,10,0.1347042977036333,0.1347042977036333,0.0,0.7606289146773181,0.0,9,2025-12-01,2025,2025-12
in-8645b91cb93ab776,,19,0,0.0,0.0,0.0,0.0,0.0,19,2025-11-28,2025,2025-11
in-448e625116919c52,,19,0,0.0,0.0,0.0,0.578907648,0.0,19,2025-11-10,2025,2025-11
in-554dc0d2bef78a4c,,19,2,0.0566883431700242,0.0,0.0566883431700242,0.6088783361592548,0.7205537037683858,17,2025-10-27,2025,2025-10
in-f9819a980c1976e8,,19,5,0.1124541631655023,0.0540812007674444,0.0984323878037302,0.5763827478600001,0.75,14,2025-11-08,2025,2025-11
in-9187a968e8e70d08,,19,0,0.0,0.0,0.0,0.0,0.0,19,2025-11-25,2025,2025-11
in-46527b145958f44b,,19,3,0.040427022877016,0.040427022877016,0.0,0.769526228811028,0.0,16,2025-11-06,2025,2025-11
in-d7f955d1258c78ff,,19,2,0.0396584980795137,0.0396584980795137,0.0,0.5953845455133334,0.8305000018000603,17,2025-10-20,2025,2025-10
in-1dbacc57e8e788a6,,19,0,0.0,0.0,0.0,0.0,0.0,19,2025-08-20,2025,2025-08
in-21d24d42a7df10cd,,19,0,0.0,0.0,0.0,0.0,0.75,19,2025-11-03,2025,2025-11
in-208b2e5025df647a,,19,8,0.1655815575839908,0.0823059728307584,0.1157132554348729,0.5755195745742857,0.7902500045001507,11,2025-11-26,2025,2025-11
in-04b0497aa91e1731,,19,3,0.0858695248421239,0.0,0.0858695248421239,0.0,0.7270833325833083,16,2025-11-24,2025,2025-11
in-c8b5d048476a93d0,,19,1,0.0137710634273891,0.0137710634273891,0.0,0.6293016345600001,0.75,18,2025-10-15,2025,2025-10
in-51cd42538efb0461,,19,0,0.0,0.0,0.0,0.0,0.0,19,2025-11-28,2025,2025-11
in-6c05d56a44786edb,,19,1,0.0208184932407579,0.0,0.0208184932407579,0.0,0.75,18,2025-11-21,2025,2025-11
in-90b42c07ae279875,,19,3,0.0685470426494043,0.0,0.0685470426494043,0.5924307768261832,0.8279631444573402,16,2025-12-01,2025,2025-12
in-88a51045bc7d4a9a,,19,0,0.0,0.0,0.0,0.5580805866605587,0.0,19,2025-10-23,2025,2025-10
in-c5e271e8acbb4617,,19,0,0.0,0.0,0.0,0.0,0.0,19,2025-11-27,2025,2025-11
in-6bc6196e3d58f7e3,,19,0,0.0,0.0,0.0,0.0,0.0,19,2025-11-27,2025,2025-11
in-49c600e867b28fcc,,19,5,0.0927361793508378,0.0401201241012133,0.0780425567375986,0.6165655348114285,0.7842279433906079,14,2025-11-09,2025,2025-11
in-b7a2468228c54cc1,,19,0,0.0,0.0,0.0,0.7360922239667319,0.0,19,2025-11-28,2025,2025-11
in-195c25519bd7260c,,19,4,0.1289404486867295,0.0441288060875025,0.1289404486867295,0.6272449747200002,0.8273012100934982,15,2025-10-24,2025,2025-10
in-8ea91331725eff8e,,19,6,0.0849736910285197,0.0849736910285197,0.0,0.7069462248964857,0.0,13,2025-11-06,2025,2025-11
in-5c64baea4f999645,,19,2,0.013636545351371,0.013636545351371,0.0,0.4989772350000001,0.0,17,2025-11-07,2025,2025-11
in-acb2a7db662d2b2b,,19,6,0.1050745708889664,0.032399771265979,0.1042537451091565,0.6208714137600001,0.61375,13,2025-10-23,2025,2025-10
in-b623fdf7e964fd6d,,19,0,0.0,0.0,0.0,0.0,0.0,19,2025-12-01,2025,2025-12
in-5d8fe52e81a725a5,,19,0,0.0,0.0,0.0,0.6094448640000001,0.0,19,2025-11-25,2025,2025-11
in-39848e6803383ecc,,19,0,0.0,0.0,0.0,0.0,0.0,19,2025-12-01,2025,2025-12
in-3902e97b79f7d2cf,,19,0,0.0,0.0,0.0,0.6938166564217894,0.0,19,2025-11-29,2025,2025-11
in-fa78458f9443eaa7,,19,1,0.012274380264483,0.012274380264483,0.0,0.515140701687,0.75,18,2025-12-01,2025,2025-12
in-5dd25edd3f4bc389,,19,0,0.0,0.0,0.0,0.605736,0.0,19,2025-11-14,2025,2025-11
in-b512302fe3907f2d,,19,1,0.0192250276866712,0.0,0.0192250276866712,0.0,0.75,18,2025-11-28,2025,2025-11
in-4e852e4285a16380,,19,8,0.2083616920908496,0.009746083090532,0.2083616920908496,0.5354907544800002,0.8305000180006027,11,2025-11-18,2025,2025-11
in-6482dbbaf700f094,,19,0,0.0,0.0,0.0,0.599410176,0.0,19,2025-11-10,2025,2025-11
in-f0b48fead02e6e98,,19,7,0.1646121185751795,0.1129262972332356,0.1445660303340485,0.7803028094232637,0.7830923213660717,12,2025-11-15,2025,2025-11
in-42b55a983bf16945,,19,7,0.1654677475627712,0.0,0.1654677475627712,1.0,0.6982472634427249,12,2025-11-25,2025,2025-11
in-5d555c25fc522941,,19,0,0.0,0.0,0.0,0.6519519281636943,0.0,19,2025-09-14,2025,2025-09
in-57b11b81933f1ce0,,19,3,0.0240993983142269,0.0240993983142269,0.0,0.5066376847499999,0.0,16,2025-11-20,2025,2025-11
in-086a9933cd2b22d2,,19,2,0.0438370171346162,0.0338381853016565,0.0438370171346162,0.57558719808,0.75,17,2025-11-17,2025,2025-11
in-b6d25c92fe133ceb,,19,5,0.0811921725356143,0.0419737985468337,0.0637896688360917,0.5681009568000001,0.7448346628211439,14,2025-11-20,2025,2025-11
in-ad982b420f5bc14c,,19,0,0.0,0.0,0.0,0.5995758285952717,0.0,19,2025-11-28,2025,2025-11
in-4cbcdf1495f274ef,,19,0,0.0,0.0,0.0,0.577147968,0.0,19,2025-11-07,2025,2025-11
in-56ea52f546a48eee,,19,0,0.0,0.0,0.0,0.0,0.0,19,2025-11-26,2025,2025-11
in-042b565c84045356,,19,5,0.0840128866346182,0.0840128866346182,0.0,0.7545711593478122,0.6601015532314778,14,2025-11-11,2025,2025-11
in-290c255a99e5d600,,19,10,0.1294395320429232,0.1005286519782028,0.0394849551351446,0.5804973271373443,0.75,9,2025-11-25,2025,2025-11
in-36736ae33c38a4df,,19,0,0.0,0.0,0.0,0.4791960576,0.75,19,2025-09-15,2025,2025-09
in-7fc5ece4003641b6,,19,0,0.0,0.0,0.0,0.0,0.0,19,2025-10-27,2025,2025-10
in-fac0a95b0783fd9d,,19,4,0.0909447124129847,0.0,0.0909447124129847,0.59774976,0.75,15,2025-11-28,2025,2025-11
in-a17d7e782cb5033c,,19,1,0.0284678698227013,0.0284678698227013,0.0,0.8314844112081156,0.0,18,2025-11-28,2025,2025-11
in-9b2c3343da5b9f4d,,19,0,0.0,0.0,0.0,0.8171258298767494,0.0,19,2025-12-01,2025,2025-12
in-31f31027671f0476,,19,0,0.0,0.0,0.0,0.0,0.0,19,2025-12-01,2025,2025-12
in-07a9c2a299829676,,19,13,0.2757789770618791,0.2051964751998234,0.2025401836677601,0.6575395387418395,0.6926500000000001,6,2025-11-18,2025,2025-11
in-e07c53dcbcbf3274,,19,8,0.1550544899374547,0.0320452077327632,0.1448825823633294,0.44831232,0.75,11,2025-07-14,2025,2025-07
in-c8c99bad5e50bd2d,,19,0,0.0,0.0,0.0,0.0,0.0,19,2025-12-01,2025,2025-12
in-d2f675fc5b4bfbf8,,19,0,0.0,0.0,0.0,0.0,0.0,19,2025-11-25,2025,2025-11
in-e73b0bc1ec1ad643,,19,4,0.1588086850787756,0.1588086850787756,0.0,0.9166572540452376,0.0,15,2025-11-25,2025,2025-11
in-43db16c291d4d8cb,,19,0,0.0,0.0,0.0,0.62753139648,0.0,19,2025-10-30,2025,2025-10
in-d18c707abbf6d1eb,,19,2,0.0215237688699518,0.0215237688699518,0.0,0.5834401722,0.0,17,2025-11-11,2025,2025-11
in-3c4ddef70b765aac,,19,0,0.0,0.0,0.0,0.5954459328,0.0,19,2025-11-04,2025,2025-11
in-2e43cfa3de5cdbea,,19,0,0.0,0.0,0.0,0.5939515584,0.0,19,2025-10-28,2025,2025-10
in-b4356c6ed1117311,,19,6,0.135637691146449,0.0,0.135637691146449,0.6028898304000001,0.75,13,2025-11-21,2025,2025-11
in-5a81c5ecd1c8765b,,19,4,0.0694186700043129,0.051908362541721,0.0409055979628312,0.6038108136555413,0.75,15,2025-10-30,2025,2025-10
in-37f56b3eb3692f4f,,19,0,0.0,0.0,0.0,0.0,0.0,19,2025-12-01,2025,2025-12
in-3e88a9eb25ce6e9b,,19,0,0.0,0.0,0.0,0.0,0.0,19,2025-11-28,2025,2025-11
in-cbc4fc39eb5961f3,,19,0,0.0,0.0,0.0,0.8989107500606071,0.0,19,2025-11-19,2025,2025-11
in-977cc68b23fca00d,,19,0,0.0,0.0,0.0,0.5934801188571429,0.0,19,2025-11-18,2025,2025-11
in-4194860976cb1be9,,19,2,0.0184641734049154,0.0184641734049154,0.0,0.5639187743409211,0.0,17,2025-10-03,2025,2025-10
in-601c49b2a52c9d10,,19,8,0.1162835443423501,0.1162835443423501,0.0,0.6607590214003177,0.0,11,2025-11-29,2025,2025-11
in-3c9053efee28bcf7,,19,5,0.1210372905982168,0.0,0.1210372905982168,0.633809664,0.75,14,2025-10-30,2025,2025-10
in-8543415ad2ef374e,,19,1,0.0258576508484445,0.0114750159679194,0.0258576508484445,0.7959836149445886,0.8293039162009954,18,2025-11-08,2025,2025-11
in-9952e2c2c0e072ea,,19,1,0.0324741517655679,0.0,0.0324741517655679,0.5205088899000001,0.8305000000000001,18,2025-11-29,2025,2025-11
in-040fa566371acf2f,,19,5,0.0987831718043277,0.0,0.0987831718043277,0.5712679296000001,0.75,14,2025-11-25,2025,2025-11
in-acc05f25dcb874c4,,19,1,0.0122381560641234,0.0122381560641234,0.0,0.7044531502450352,0.0,18,2025-11-12,2025,2025-11
in-3bbc02175fffffaa,,19,0,0.0,0.0,0.0,0.0,0.0,19,2025-11-21,2025,2025-11
in-f436eaa0ec0e4041,,19,0,0.0,0.0,0.0,0.597127104,0.0,19,2025-11-26,2025,2025-11
in-7a8a10ccaf18bc6e,,19,0,0.0,0.0,0.0,0.0,0.0,19,2025-11-24,2025,2025-11
in-75c9b1e808efbcc2,,19,0,0.0,0.0,0.0,0.0,0.0,19,2025-11-19,2025,2025-11
in-7d12206e33578a17,,19,0,0.0,0.0,0.0,0.0,0.0,19,2025-11-26,2025,2025-11
in-bf8d476ee388de0d,,19,0,0.0,0.0,0.0,0.598995072,0.0,19,2025-11-07,2025,2025-11
in-065469823b71882f,,19,0,0.0,0.0,0.0,0.0,0.75,19,2025-11-05,2025,2025-11
in-9bf4d6d9ee1e4a14,,19,6,0.1071987960492022,0.0216090268974188,0.0855897691517833,0.6552503030816631,0.8036666696667671,13,2025-11-26,2025,2025-11
in-c20d12035abeb595,,19,0,0.0,0.0,0.0,0.0,0.75,19,2025-11-27,2025,2025-11
in-98d38d97f5392aef,,19,0,0.0,0.0,0.0,0.0,0.0,19,2025-12-01,2025,2025-12
in-8a9eb5ffe70927ec,,19,4,0.0958503939753002,0.0958503939753002,0.0,0.6823560370237072,0.0,15,2025-11-24,2025,2025-11
in-2511582640fae0ca,,19,0,0.0,0.0,0.0,0.6417675628838415,0.0,19,2025-11-11,2025,2025-11
in-75aabc2af29af24c,,19,1,0.028470141597937,0.028470141597937,0.0,1.0,0.0,18,2025-12-01,2025,2025-12
in-e5a40a553d833e46,,19,2,0.0515438563716558,0.0,0.0515438563716558,0.6250220928000001,0.8301867415110271,17,2025-11-18,2025,2025-11
in-94c8e798911e3470,,19,11,0.2492424057093831,0.2118573575379984,0.2051740059838083,0.6410943331200001,0.7200098529976827,8,2025-08-05,2025,2025-08
in-dc4211cf4f433019,,19,0,0.0,0.0,0.0,0.0,0.0,19,2025-10-16,2025,2025-10
in-312ae5116abe958d,,19,0,0.0,0.0,0.0,0.0,0.0,19,2025-11-21,2025,2025-11
in-abcde2d27f5adc56,,19,0,0.0,0.0,0.0,0.5759610388799999,0.0,19,2025-11-28,2025,2025-11
in-a789b84313a34bc3,,19,0,0.0,0.0,0.0,0.0,0.0,19,2025-11-18,2025,2025-11
in-cd884a98466c5d51,,19,3,0.0394172601738896,0.0394172601738896,0.0,0.60190910208,0.75,16,2025-11-21,2025,2025-11
in-5b8aa2d5e459aff9,,19,0,0.0,0.0,0.0,0.0,0.0,19,2025-11-28,2025,2025-11
in-b7f6c244f45d842b,,19,0,0.0,0.0,0.0,0.0,0.75,19,2025-12-01,2025,2025-12
in-4d39d1108694485c,,19,2,0.0157929391202696,0.0157929391202696,0.0,0.5934084031381119,0.8273975781202316,17,2025-11-04,2025,2025-11
in-75321c71d3b48fdc,,19,4,0.1213528063469629,0.0564766463308464,0.1213528063469629,0.6529046284800001,0.8277894579917193,15,2025-11-29,2025,2025-11
in-cb6f83835b1255e9,,19,0,0.0,0.0,0.0,0.0,0.0,19,2025-10-29,2025,2025-10
in-fe47a8774f6fee8b,,19,5,0.149504924373105,0.131757938787039,0.0887522352369208,0.6903513971545505,0.75,14,2025-11-20,2025,2025-11
in-1e1ce49119c87608,,19,0,0.0,0.0,0.0,0.0,0.0,19,2025-12-01,2025,2025-12
in-4f4c7c65d5d697a1,,19,0,0.0,0.0,0.0,0.553635618,0.0,19,2025-11-12,2025,2025-11
in-688c9596567360d1,,19,17,0.4018433176318257,0.2707697202387227,0.2407911523634681,0.6394754563954724,0.7211206638103439,2,2025-09-10,2025,2025-09
in-df4c58ba7dee56c3,,19,5,0.1291202511536078,0.0064980942415194,0.1226221569120884,0.5279226624000001,0.8268053729161621,14,2025-11-12,2025,2025-11
in-80759602520c230d,,19,7,0.1210497545637175,0.1091188228358639,0.0622634950664263,0.7254080674035932,0.7691326987743378,12,2025-09-17,2025,2025-09
in-994763d7530e88b1,,19,1,0.0120203760763641,0.0120203760763641,0.0,0.62817408576,0.75,18,2025-11-28,2025,2025-11
in-58476ea449693e80,,19,0,0.0,0.0,0.0,0.0,0.0,19,2025-11-26,2025,2025-11
in-5dc0137fea6a865d,,19,3,0.0572297742492274,0.0,0.0572297742492274,0.5723562240000001,0.75,16,2025-11-27,2025,2025-11
in-9a4ed3eee44b552b,,19,0,0.0,0.0,0.0,0.5739269414400001,0.8297173913955689,19,2025-11-27,2025,2025-11
in-1bb577efa30c9a9d,,19,3,0.0786405212707419,0.0,0.0786405212707419,0.5876911584,0.7768333318332831,16,2025-11-22,2025,2025-11
in-68071ee351033ae8,,19,0,0.0,0.0,0.0,0.65901288384,0.66825,19,2025-12-01,2025,2025-12
in-21b65d0610e66d01,,19,0,0.0,0.0,0.0,0.625373352,0.0,19,2025-11-28,2025,2025-11
in-cc29618e4e7fdc66,,19,0,0.0,0.0,0.0,0.0,0.75,19,2025-11-26,2025,2025-11
in-99e491f32ff77da0,,19,1,0.0086033912154995,0.0086033912154995,0.0,0.6065264268,0.0,18,2025-12-01,2025,2025-12
in-dcc9d1100fe0d9bc,,19,0,0.0,0.0,0.0,0.0,0.0,19,2025-11-26,2025,2025-11
in-731fc34f48c31ddd,,19,0,0.0,0.0,0.0,0.580098816,0.0,19,2025-11-26,2025,2025-11
in-e942406df60bc3aa,,19,0,0.0,0.0,0.0,0.64151625024,0.0,19,2025-12-01,2025,2025-12
in-3cb0315c9817c8d0,,19,0,0.0,0.0,0.0,0.60086304,0.0,19,2025-12-01,2025,2025-12
in-f988f7a6d46776de,,19,0,0.0,0.0,0.0,0.0,0.0,19,2025-09-01,2025,2025-09
in-fccebe9f39e20a5c,,19,0,0.0,0.0,0.0,0.6441376320000001,0.0,19,2025-11-26,2025,2025-11
in-6f63caf96ed89488,,19,0,0.0,0.0,0.0,0.0,0.0,19,2025-11-22,2025,2025-11
in-e20b167f7df3337c,,19,0,0.0,0.0,0.0,0.0,0.0,19,2025-11-19,2025,2025-11
in-c3d2f61b501acb8c,,19,1,0.0185253682889436,0.0084928856652488,0.0185253682889436,0.60685177248,0.75,18,2025-11-28,2025,2025-11
in-a59b8ff1f09df0ec,,19,0,0.0,0.0,0.0,0.594325152,0.0,19,2025-11-21,2025,2025-11
in-3ba7bd305620f5c0,,19,0,0.0,0.0,0.0,0.6224394240000001,0.0,19,2025-11-18,2025,2025-11
in-fafd0a966425224e,,19,0,0.0,0.0,0.0,0.0,0.8219114977121355,19,2025-11-26,2025,2025-11
in-761b1a8b3aa91eb0,,19,4,0.0646094568020977,0.0295263552364684,0.0490303949305885,0.6020631610206113,0.75,15,2025-11-26,2025,2025-11
in-73204c7e4e84e27c,,19,0,0.0,0.0,0.0,0.53304646176,0.0,19,2025-11-13,2025,2025-11
in-46d754a162037993,,19,9,0.2030980657471254,0.1283864296644756,0.1125976286436382,0.6639064930437089,0.75,10,2025-12-01,2025,2025-12
in-540815cc4ce89fb2,,19,0,0.0,0.0,0.0,0.0,0.0,19,2025-12-01,2025,2025-12
in-68f31e7fac3352a2,,19,0,0.0,0.0,0.0,0.0,0.0,19,2025-10-10,2025,2025-10
in-520d9e37336f7ecd,,19,0,0.0,0.0,0.0,0.5848003200000002,0.0,19,2025-09-22,2025,2025-09
in-577787b9f31fbd5c,,19,0,0.0,0.0,0.0,0.0,0.0,19,2025-11-28,2025,2025-11
in-456c0a8c0e5eb68b,,19,0,0.0,0.0,0.0,0.6024819456,0.0,19,2025-12-01,2025,2025-12
in-a2bc175d8827c181,,19,0,0.0,0.0,0.0,0.64374224544,0.0,19,2025-11-21,2025,2025-11
in-7a7711191c02b046,,19,3,0.074647057560788,0.074647057560788,0.0,0.7912954612237937,0.0,16,2025-11-17,2025,2025-11
in-cf284d58281847c3,,19,10,0.2732346819821943,0.1595718550373371,0.230207021582302,0.655250064972423,0.787699283093214,9,2025-10-29,2025,2025-10
in-086000ce40db58ea,,19,3,0.0836888812065124,0.0333205748055923,0.0836888812065124,0.6744518042711227,0.6789000000000001,16,2025-11-25,2025,2025-11
in-b9943437f11e6e7b,,19,0,0.0,0.0,0.0,0.5738442718657318,0.0,19,2025-07-08,2025,2025-07
in-671270d41e76ca55,,19,0,0.0,0.0,0.0,0.0,0.0,19,2025-11-24,2025,2025-11
in-14d73f227fd45146,,19,6,0.0899136907720766,0.0681692765096442,0.0393394736842105,0.5666653181999999,0.8305000000000001,13,2025-11-06,2025,2025-11
in-28a75def2ed995eb,,19,3,0.0571009962182296,0.006446562072311,0.0571009962182296,0.618871084360005,0.75,16,2025-11-08,2025,2025-11
in-842da0921d6c1142,,19,2,0.0137738791423582,0.0137738791423582,0.0,0.6032214129830876,0.0,17,2025-11-12,2025,2025-11
in-e39740a3ca7538c4,,19,0,0.0,0.0,0.0,0.0,0.0,19,2025-11-24,2025,2025-11
in-0b1202bf3556f0ec,,19,11,0.1660073596437456,0.1374819969332945,0.0534299649690327,0.5683290915396346,0.75,8,2025-11-20,2025,2025-11
in-12dd56b9ad69fd1c,,19,1,0.023020326499765,0.0,0.023020326499765,0.5923916564288326,0.7551997028887273,18,2025-12-01,2025,2025-12
in-965f58ca3e59d3f2,,19,5,0.1075654732603511,0.0146237800045752,0.0929416932557758,0.63066281472,0.7612210202302252,14,2025-11-25,2025,2025-11
in-bb6d15840f305774,,19,0,0.0,0.0,0.0,0.0,0.0,19,2025-11-29,2025,2025-11
in-7461bc5cf0db64c7,,19,11,0.2409514106944531,0.1445377863382172,0.2336485429813987,0.6237581749527275,0.75,8,2025-11-25,2025,2025-11
in-4250b91d85b051d1,,19,2,0.01734901839452,0.01734901839452,0.0,0.5469885257380437,0.8305000000000001,17,2025-11-14,2025,2025-11
in-4c09ca0e694fbbae,,19,0,0.0,0.0,0.0,0.7662940745224174,0.0,19,2025-10-17,2025,2025-10
in-6db24020e2a08372,,19,0,0.0,0.0,0.0,0.0,0.8286156834065914,19,2025-11-20,2025,2025-11
in-70a2eb5261b8c030,,19,16,0.3214147852082628,0.3214147852082628,0.0,0.7037106042042858,0.0,3,2025-12-01,2025,2025-12
in-2cdf2399ee76c432,,19,0,0.0,0.0,0.0,0.7085597733333334,0.0,19,2025-11-26,2025,2025-11
in-7dcac2d609f1fbd9,,19,1,0.0061973561375344,0.0061973561375344,0.0,0.6226711135176528,0.0,18,2025-11-24,2025,2025-11
in-43a7c274bcc52a42,,19,0,0.0,0.0,0.0,0.0,0.0,19,2025-11-10,2025,2025-11
in-159c6d093e97476a,,19,0,0.0,0.0,0.0,0.0,0.0,19,2025-11-26,2025,2025-11
in-00312d85ec873f86,,19,5,0.0919466211745405,0.0,0.0919466211745405,0.6504416544227466,0.6449260863553394,14,2025-11-26,2025,2025-11
in-5f24905b422258e8,,19,11,0.3530094394554654,0.3530094394554654,0.0,0.7501936098333137,0.0,8,2025-11-26,2025,2025-11
in-101e930210888ced,,19,1,0.0149469203230662,0.0149469203230662,0.0,0.6269997024,0.0,18,2025-11-17,2025,2025-11
in-607eea3f1c789f52,,19,3,0.0434055358675229,0.0434055358675229,0.0,0.5897544295175775,0.0,16,2025-11-08,2025,2025-11
in-77696a202803c29b,,19,5,0.1180595487068641,0.0289121739337899,0.1180595487068641,0.6473167856489559,0.7584447451715287,14,2025-11-03,2025,2025-11
in-e03357f052aa5454,,19,0,0.0,0.0,0.0,0.0,0.0,19,2025-12-01,2025,2025-12
in-b9d4aea91e3f2d0c,,19,0,0.0,0.0,0.0,0.0,0.75,19,2025-11-28,2025,2025-11
in-27d3e2e8b7c41d36,,19,5,0.0977581789679452,0.0628408862612325,0.086175735373246,0.612042205824,0.75,14,2025-11-25,2025,2025-11
in-5368a337ff9c506e,,19,1,0.0157674898954653,0.0157674898954653,0.0,0.6539226710400001,0.0,18,2025-11-26,2025,2025-11
in-82265fcf199f7655,,19,1,0.0079016379625175,0.0079016379625175,0.0,0.560766892705729,0.0,18,2025-11-27,2025,2025-11
in-e3d8d5c1ebc47e7c,,19,0,0.0,0.0,0.0,0.7770222928497077,0.0,19,2025-11-24,2025,2025-11
in-2734c078034e1138,,19,0,0.0,0.0,0.0,0.599462064,0.0,19,2025-11-18,2025,2025-11
in-8ad8e7c8de4037c3,,19,8,0.1585689491095573,0.0715846878450594,0.0954992546712763,0.6888034279777896,0.7907131017111242,11,2025-04-11,2025,2025-04
in-cd349d1d935d2e5e,,19,6,0.1439866412367874,0.1050612850375183,0.1155003999408923,0.6528421556885581,0.75,13,2025-11-19,2025,2025-11
in-1275cf05b8a8e15e,,19,3,0.0445763204905806,0.0445763204905806,0.0,0.6273470361600001,0.75,16,2025-11-27,2025,2025-11
in-7433c244aa75bf36,,19,2,0.0602571809516617,0.0602571809516617,0.0,0.8143788446460243,0.0,17,2025-11-26,2025,2025-11
in-6e8ead8624b31da0,,19,0,0.0,0.0,0.0,0.0,0.0,19,2025-12-01,2025,2025-12
in-db50373d77abc3a2,,19,6,0.1448004339972609,0.0,0.1448004339972609,0.8873027278064399,0.7902500000000001,13,2025-10-07,2025,2025-10
in-6727fdf72c571305,,19,0,0.0,0.0,0.0,0.62373888,0.0,19,2025-11-24,2025,2025-11
in-9bb941902e40dc2d,,19,0,0.0,0.0,0.0,0.590589216,0.0,19,2025-12-01,2025,2025-12
in-b623fdf7e964fd6d,,19,0,0.0,0.0,0.0,0.0,0.75,19,2025-12-01,2025,2025-12
in-bee82521a330a463,,19,0,0.0,0.0,0.0,0.611791104,0.0,19,2025-12-01,2025,2025-12
in-bc3b380ce792d5ca,,19,10,0.195453567425604,0.1568621642924463,0.1246073699941742,0.6419869781760001,0.6777883445728908,9,2025-11-26,2025,2025-11
in-69b68bde3423c7fc,,19,8,0.147151953926167,0.1469745994814658,0.0444067427986546,0.7793204582863448,0.7701250000000001,11,2025-12-01,2025,2025-12
in-1aa0a368df24410e,,19,4,0.1255927995618773,0.0,0.1255927995618773,0.0,0.8074166358187793,15,2025-11-24,2025,2025-11
in-33f7ac68b9c721cf,,19,1,0.0188695467873133,0.0188695467873133,0.0,0.8167957299772703,0.0,18,2025-11-14,2025,2025-11
in-f5192928b9c27a52,,19,0,0.0,0.0,0.0,0.0,0.0,19,2025-11-30,2025,2025-11
in-9af59d2bfaa79ff6,,19,0,0.0,0.0,0.0,0.9088224725774908,0.0,19,2025-11-06,2025,2025-11
in-9a61ab74ccf2c2d9,,19,0,0.0,0.0,0.0,0.591315648,0.0,19,2025-11-24,2025,2025-11
in-2ef695b1bb448e7c,,19,0,0.0,0.0,0.0,0.594325152,0.0,19,2025-12-01,2025,2025-12
in-71b9b34fb65f0c08,,19,0,0.0,0.0,0.0,0.0,0.0,19,2025-11-24,2025,2025-11
in-ad7fa35925df15ac,,19,0,0.0,0.0,0.0,0.0,0.0,19,2025-11-29,2025,2025-11
in-e8c2d05b0ec6d216,,19,0,0.0,0.0,0.0,0.0,0.0,19,2025-11-27,2025,2025-11
in-777325d37a9c6b57,,19,0,0.0,0.0,0.0,0.603042336,0.0,19,2025-07-13,2025,2025-07
in-bfafddc5c4fcdca4,,19,1,0.0093967130148974,0.0093967130148974,0.0,0.7324329152998608,0.8305000090003014,18,2025-11-24,2025,2025-11
in-b43f970b349508c3,,19,1,0.0291144011367644,0.0291144011367644,0.0,0.8421840680791519,0.75,18,2025-12-01,2025,2025-12
in-a8c9ec23b2864f1d,,19,3,0.0600294087560553,0.0,0.0600294087560553,0.6887279232000001,0.710714287000043,16,2025-11-13,2025,2025-11
in-46ff1b2122b97cb8,,19,0,0.0,0.0,0.0,0.0,0.0,19,2025-11-13,2025,2025-11
in-ad79e85e7bf42da7,,19,0,0.0,0.0,0.0,0.0,0.75,19,2025-12-01,2025,2025-12
in-cf71d1051ebbaecd,,19,0,0.0,0.0,0.0,0.0,0.0,19,2025-10-22,2025,2025-10
in-47bbd47e0472b0e6,,19,1,0.0122836743925066,0.0122836743925066,0.0,0.6388045527114289,0.0,18,2025-12-01,2025,2025-12
in-0e1bdbb226a3d5af,,19,4,0.0949098951380493,0.0888708762842652,0.0329681320234349,0.6931688008621664,0.8305000000000001,15,2025-11-19,2025,2025-11
in-8a05d38449430198,,19,0,0.0,0.0,0.0,0.62454887424,0.7902499977499247,19,2025-11-27,2025,2025-11
in-5234a3e36083c4a4,,19,8,0.1675629208401542,0.0682499047320832,0.1414315407942488,0.5973509248128,0.7882329559624195,11,2025-11-13,2025,2025-11
in-4664ea614c51f527,,19,0,0.0,0.0,0.0,0.64883245824,0.8252811482548714,19,2025-11-26,2025,2025-11
in-8309226b8eb92e80,,19,0,0.0,0.0,0.0,0.0,0.75,19,2025-11-07,2025,2025-11
in-5a18a668ba2fbe0b,,19,0,0.0,0.0,0.0,0.0,0.0,19,2025-11-17,2025,2025-11
in-f8a19f5383c52abe,,19,0,0.0,0.0,0.0,0.61615872,0.0,19,2025-12-01,2025,2025-12
in-8e425ac0c63aab54,,19,0,0.0,0.0,0.0,0.0,0.0,19,2025-11-27,2025,2025-11
in-8714fb67e5eb3bbb,,19,0,0.0,0.0,0.0,0.0,0.0,19,2025-11-06,2025,2025-11
in-7c677818edebe75f,,19,2,0.0188496718907957,0.0188496718907957,0.0,0.6133328514855009,0.0,17,2025-12-02,2025,2025-12
in-79f9ed262e70d84f,,19,0,0.0,0.0,0.0,0.0,0.0,19,2025-08-18,2025,2025-08
in-cd4536bf094c8252,,19,0,0.0,0.0,0.0,0.6842867071466098,0.0,19,2025-11-24,2025,2025-11
in-342b32d766851b29,,19,3,0.063515536235061,0.0,0.063515536235061,0.7336158501393206,0.8103750090003015,16,2025-11-26,2025,2025-11
in-b384ffc42151e03d,,19,0,0.0,0.0,0.0,0.599929056,0.0,19,2025-11-26,2025,2025-11
in-f6f38be2ac0d3b85,,19,0,0.0,0.0,0.0,0.6049020019200001,0.75,19,2025-11-24,2025,2025-11
in-670945bc83ff16b5,,19,7,0.1247682070134751,0.1247682070134751,0.0,0.6791671756800001,0.0,12,2025-08-12,2025,2025-08
in-2593b448c9f1b4b3,,19,0,0.0,0.0,0.0,0.0,0.0,19,2025-11-21,2025,2025-11
in-af0ee87bf67e9015,,19,0,0.0,0.0,0.0,0.0,0.0,19,2025-12-01,2025,2025-12
in-40559dfc6cb7850e,,19,0,0.0,0.0,0.0,0.0,0.0,19,2025-11-06,2025,2025-11
in-886746a372806c81,,19,7,0.1247682070134751,0.1247682070134751,0.0,0.6791671756800001,0.0,12,2025-11-26,2025,2025-11
in-66d09a7cc5a289f5,,19,1,0.0249731058850932,0.0249731058850932,0.0,0.7365752210318909,0.0,18,2025-11-24,2025,2025-11
in-a4adb73384054d6f,,19,3,0.0725843950321799,0.0287854518424332,0.0725843950321799,0.5490711205200001,0.75,16,2025-11-27,2025,2025-11
in-c8b3a591976a74f1,,19,8,0.1957189668513827,0.0550524694203674,0.1406664974310153,0.6407892916333333,0.6565032563736805,11,2025-11-27,2025,2025-11
in-66f4c39e32e33eee,,19,0,0.0,0.0,0.0,0.59984784,0.0,19,2025-11-20,2025,2025-11
in-3f4b9ac6571c8e8a,,19,0,0.0,0.0,0.0,0.620744789657143,0.75,19,2025-05-28,2025,2025-05
in-deb73d430b786346,,19,2,0.0235938878059387,0.0,0.0235938878059387,1.0,0.641,17,2025-11-10,2025,2025-11
in-7d12206e33578a17,,19,7,0.133165711797482,0.0355664842291286,0.1238143572649951,0.5661797343898521,0.796160652667284,12,2025-11-26,2025,2025-11
in-6f5efd5e21f89c94,,19,0,0.0,0.0,0.0,0.0,0.0,19,2025-11-07,2025,2025-11
in-ea6215d0742b0363,,19,0,0.0,0.0,0.0,0.0,0.0,19,2025-11-29,2025,2025-11
in-1f2f64db959bb86f,,19,0,0.0,0.0,0.0,0.0,0.0,19,2025-11-27,2025,2025-11
in-32dc997e3646c5ee,,19,8,0.1130081850606726,0.1130081850606726,0.0,0.63896336064,0.8305000090003014,11,2025-11-25,2025,2025-11
in-26daed0cc1b1f55a,,19,0,0.0,0.0,0.0,0.0,0.0,19,2025-11-27,2025,2025-11
in-854a1f223079dde5,,19,0,0.0,0.0,0.0,0.60661584,0.0,19,2025-12-01,2025,2025-12
in-9af9d6b51de4f3e4,,19,0,0.0,0.0,0.0,0.580098816,0.0,19,2025-10-23,2025,2025-10
in-7699fde68b752b85,,19,0,0.0,0.0,0.0,0.6356389986651148,0.0,19,2025-11-25,2025,2025-11
in-3bceae6430a2579d,,19,6,0.0945665083464622,0.0945665083464622,0.0,0.66376374912,0.75,13,2025-06-15,2025,2025-06
in-66e2f2f3d3633e25,,19,4,0.083266146741885,0.083266146741885,0.0,0.5608978645770631,0.0,15,2025-11-11,2025,2025-11
in-22edc9e9cdcf8599,,19,13,0.2579215683860913,0.0756671019362155,0.2117803006382365,0.5151061795200002,0.7894619591136774,6,2025-11-28,2025,2025-11
in-c01fa59fa2b211b4,,19,0,0.0,0.0,0.0,0.0,0.0,19,2025-11-28,2025,2025-11
in-bb3d645c684c2cf3,,19,0,0.0,0.0,0.0,0.0,0.0,19,2025-12-01,2025,2025-12
in-5eec5c1654434b7f,,19,5,0.1203074099433211,0.0064603503630095,0.1203074099433211,0.4969370149714288,0.6936130193591119,14,2025-07-31,2025,2025-07
in-a04548ed1d35faae,,19,0,0.0,0.0,0.0,0.0,0.0,19,2025-11-27,2025,2025-11
in-a61c1082390cb772,,19,2,0.0526007811638279,0.0526007811638279,0.0,0.7717536982823952,0.827809386909008,17,2025-11-14,2025,2025-11
in-1b7bffe523b0cfa4,,19,0,0.0,0.0,0.0,0.0,0.0,19,2025-11-11,2025,2025-11
in-f6c1b092996b0bd8,,19,0,0.0,0.0,0.0,0.0,0.0,19,2025-11-07,2025,2025-11
in-082edb073e4d8737,,19,0,0.0,0.0,0.0,0.0,0.0,19,2025-11-27,2025,2025-11
in-d2c6a2161837d30b,,19,14,0.3070500055928812,0.2165580917900122,0.2374514197433768,0.6812917862400001,0.7888685156181455,5,2025-11-01,2025,2025-11
in-9572e9139425489c,,19,0,0.0,0.0,0.0,0.0,0.0,19,2025-11-19,2025,2025-11
in-bb0e1f0ee516b03f,,19,0,0.0,0.0,0.0,0.0,0.0,19,2025-08-25,2025,2025-08
in-5be0e9cec1ecd377,,19,0,0.0,0.0,0.0,0.0,0.0,19,2025-10-01,2025,2025-10
in-150910c964a7e78b,,19,1,0.0166816643326006,0.0166816643326006,0.0,0.5689705996800001,0.75,18,2025-06-09,2025,2025-06
in-3d6ebd9dfa8f6bd6,,19,1,0.0227143919393921,0.0227143919393921,0.0,0.6799420471817583,0.0,18,2025-10-22,2025,2025-10
in-137e7da00647d5b9,,19,0,0.0,0.0,0.0,0.7192479395200002,0.0,19,2025-11-24,2025,2025-11
in-002382e99b8a2bc3,,19,0,0.0,0.0,0.0,0.610719753664,0.75,19,2025-12-01,2025,2025-12
in-11c4afe5bb429f5d,,19,1,0.0127380609690175,0.0127380609690175,0.0,0.7236760979065341,0.8288672767058014,18,2025-07-24,2025,2025-07
in-d107997caf95d4e7,,19,9,0.1394045862405787,0.1394045862405787,0.0,0.5940036144102296,0.0,10,2025-08-12,2025,2025-08
in-9544b23f97dca456,,19,1,0.0116256630293167,0.0116256630293167,0.0,0.6000442473600001,0.0,18,2025-12-01,2025,2025-12
in-49485fa1b1499585,,19,2,0.0154181182938243,0.0154181182938243,0.0,0.5658672423660694,0.0,17,2025-11-18,2025,2025-11
in-3d7141f697c3fe70,,19,2,0.0349780722668296,0.0,0.0349780722668296,0.5716117440000001,0.75,17,2025-12-01,2025,2025-12
in-01038746a9c89ba8,,19,0,0.0,0.0,0.0,0.0,0.0,19,2025-11-19,2025,2025-11
in-777ae4abce0dd8af,,19,0,0.0,0.0,0.0,0.0,0.0,19,2025-06-13,2025,2025-06
in-5abe580bc1d4f032,,19,0,0.0,0.0,0.0,0.0,0.0,19,2025-12-01,2025,2025-12
in-7d7d7059fbb87261,,19,2,0.01330286973561,0.01330286973561,0.0,0.5819842965660444,0.0,17,2025-11-20,2025,2025-11
in-255b784f5eb6952e,,19,0,0.0,0.0,0.0,0.0,0.0,19,2025-11-12,2025,2025-11
in-6be6ee58840a96c7,,19,0,0.0,0.0,0.0,0.0,0.0,19,2025-10-29,2025,2025-10
in-0638af7971a65d74,,19,7,0.1210493460816565,0.0872424802847374,0.0338068657969191,0.562394234495678,0.825759434769551,12,2025-11-18,2025,2025-11
in-f23bac06477c1d22,,19,5,0.0998325830944355,0.0356722681574263,0.0748090027021744,0.6819430285899754,0.8267527875304221,14,2025-12-01,2025,2025-12
in-ab58924bac1bc121,,19,0,0.0,0.0,0.0,0.0,0.0,19,2025-12-01,2025,2025-12
in-b69a406bb9448b58,,19,0,0.0,0.0,0.0,0.60397632,0.0,19,2025-11-07,2025,2025-11
in-8abdea0db280093c,,19,0,0.0,0.0,0.0,0.64645079904,0.0,19,2025-10-09,2025,2025-10
in-00123850de967f24,,19,0,0.0,0.0,0.0,0.7924293386774859,0.0,19,2025-10-16,2025,2025-10
in-4fd0db2432a8f15f,,19,2,0.0425372864070691,0.0099389591593338,0.0425372864070691,0.5513158656000001,0.75,17,2025-12-02,2025,2025-12
in-658b6d0065cfab20,,19,1,0.0263415334427844,0.0,0.0263415334427844,0.572951808,0.8267773403525353,18,2025-10-10,2025,2025-10
in-a50050792796d401,,19,2,0.0675048031584555,0.0282449958549076,0.0392598073035478,0.8452835828487708,0.8296590770930052,17,2025-11-30,2025,2025-11
in-e5eb1d4c0919a899,,19,0,0.0,0.0,0.0,0.606304512,0.0,19,2025-11-26,2025,2025-11
in-e0ae2731dd70688b,,19,4,0.0781910532399227,0.0231864944426909,0.0781910532399227,0.5038532352,0.75,15,2025-09-16,2025,2025-09
in-d4883d25e10d10fc,,19,6,0.1290908164345577,0.0634476206258755,0.1289107494227199,0.6922891780760911,0.6489807356993357,13,2025-11-26,2025,2025-11
in-70fd1b405f4402fc,,19,8,0.1247901924777575,0.1101899278219368,0.0224875181111353,0.597321047013926,0.7615000012857573,11,2025-11-10,2025,2025-11
in-63e78580b0bb0e76,,19,0,0.0,0.0,0.0,0.0,0.0,19,2025-12-01,2025,2025-12
in-bdd27d5333d5f2c2,,19,0,0.0,0.0,0.0,0.0,0.6611250000000001,19,2025-01-06,2025,2025-01
in-ada04a42079597a9,,19,0,0.0,0.0,0.0,0.0,0.75,19,2025-11-25,2025,2025-11
in-832889a1223dd15f,,19,7,0.1417922460128675,0.1063238882695806,0.1136558446945328,0.640419074094923,0.8036666666666669,12,2025-11-26,2025,2025-11
in-70d9729b33e91bda,,19,1,0.0394485622165348,0.0394485622165348,0.0329681347255327,0.8551155230162124,0.8305000090003014,18,2025-11-25,2025,2025-11
in-54ab798f3fcbfa6e,,19,1,0.0393394736842105,0.0,0.0393394736842105,0.0,0.8305000000000001,18,2025-11-17,2025,2025-11
in-99d9ad937ee36b81,,19,0,0.0,0.0,0.0,0.8307035682775898,0.0,19,2025-12-01,2025,2025-12
in-5954110f7af52605,,19,13,0.3001660835694463,0.1367778890667247,0.2654144931277819,0.5476617547200001,0.6557600681865587,6,2025-09-10,2025,2025-09
in-b8e5f7269d6d90b7,,19,0,0.0,0.0,0.0,0.0,0.0,19,2025-11-27,2025,2025-11
in-41a6dff1f5b57c84,,19,6,0.1273544913844058,0.0,0.1273544913844058,0.0,0.75,13,2025-11-11,2025,2025-11
in-5a500be9cb192f09,,19,0,0.0,0.0,0.0,0.5696461712571429,0.0,19,2025-12-01,2025,2025-12
in-306171b39786b1a3,,19,0,0.0,0.0,0.0,0.6226684531200001,0.6058413302600384,19,2025-11-28,2025,2025-11
in-70ccb86aedf8bbbf,,19,0,0.0,0.0,0.0,0.508398624,0.0,19,2025-11-14,2025,2025-11
in-fccee22c7614295f,,19,0,0.0,0.0,0.0,0.0,0.0,19,2025-11-26,2025,2025-11
in-fe79c35d8162e526,,19,8,0.1156061515028103,0.1156061515028103,0.0,0.6657921120300712,0.0,11,2025-11-11,2025,2025-11
in-843e28b88347de4c,,19,0,0.0,0.0,0.0,0.0,0.0,19,2025-08-04,2025,2025-08
in-db0b0a597aa54b02,,19,0,0.0,0.0,0.0,0.5373619920000001,0.0,19,2025-12-01,2025,2025-12
in-e0d0be7ef2269ad3,,19,0,0.0,0.0,0.0,0.592768512,0.0,19,2025-11-26,2025,2025-11
in-6b86cc05a799e7e1,,19,1,0.0183050883443732,0.0,0.0183050883443732,0.7804279184987662,0.7758453927536806,18,2025-11-26,2025,2025-11
in-6dfce0f1938025a3,,19,0,0.0,0.0,0.0,0.6950019632570715,0.0,19,2025-11-19,2025,2025-11
in-1fb4d3b60efd6c9b,,19,1,0.012960744606617,0.012960744606617,0.0,0.5758442739534653,0.0,18,2025-11-21,2025,2025-11
in-63c4110ebe9ffb84,,19,0,0.0,0.0,0.0,0.0,0.0,19,2025-11-26,2025,2025-11
in-df6f85e26c061439,,19,3,0.0334728390008789,0.0334728390008789,0.0,0.5301869892300001,0.75,16,2025-11-24,2025,2025-11
in-c6ee6199ccbdb284,,19,0,0.0,0.0,0.0,0.0,0.0,19,2025-12-01,2025,2025-12
in-e8de6bef3a25f1d4,,19,2,0.027693133029804,0.027693133029804,0.0,0.6166058592,0.0,17,2025-12-02,2025,2025-12
in-3d899a7031d4495e,,19,8,0.1778426197906197,0.0758824571669026,0.1685750585909217,0.5466399811200001,0.8007911213835079,11,2025-11-18,2025,2025-11
in-b3dc8adaa1c9f3f3,,19,0,0.0,0.0,0.0,0.602731008,0.0,19,2025-06-17,2025,2025-06
in-e68269eebf1cd2f3,,19,2,0.0253329160147209,0.0125473624333926,0.0189465710991307,0.6251147410250764,0.75,17,2025-12-01,2025,2025-12
in-02b87c4d7065c603,,19,2,0.0365048152460598,0.0365048152460598,0.0,0.7297762,0.0,17,2025-12-01,2025,2025-12
in-3507d5458ccd4401,,19,0,0.0,0.0,0.0,0.6135984307200001,0.75,19,2025-11-28,2025,2025-11
in-e448b26aaa4bd60d,,19,3,0.0811710164427067,0.05713067482876,0.0240403416139466,1.0,0.8305000090003014,16,2025-08-13,2025,2025-08
in-a545f29a69bbda29,,19,0,0.0,0.0,0.0,0.46378332,0.0,19,2025-10-28,2025,2025-10
in-12a1df82aa09e135,,19,1,0.0219367651732633,0.0,0.0219367651732633,0.46378332,0.8304999954998493,18,2025-11-04,2025,2025-11
in-f40216f9c715c298,,19,1,0.0256760470277384,0.0,0.0256760470277384,0.8452340623801748,0.8301743848472833,18,2025-11-09,2025,2025-11
in-f394adc0c6946005,,19,9,0.2318830336782186,0.1078808272153683,0.2318830336782186,0.5770215417600001,0.7974082276125749,10,2025-11-20,2025,2025-11
in-19838d8cc6709af7,,19,4,0.0243467498472359,0.0243467498472359,0.0,0.4342724106,0.0,15,2025-11-26,2025,2025-11
in-b4e7ced8ffb00d78,,19,0,0.0,0.0,0.0,0.0,0.0,19,2025-11-20,2025,2025-11
in-99e491f32ff77da0,,19,0,0.0,0.0,0.0,0.0,0.0,19,2025-12-01,2025,2025-12
in-f8940b65ce8d1046,,19,1,0.0123489003617154,0.0123489003617154,0.0,0.65713443865313,0.0,18,2025-11-07,2025,2025-11
in-26f1fe3bf20e43df,,19,0,0.0,0.0,0.0,0.0,0.0,19,2025-11-20,2025,2025-11
in-dd1ae4627c1642cf,,19,10,0.1979503653816658,0.0931903041590473,0.1550078272819519,0.63063222336,0.75,9,2025-11-27,2025,2025-11
in-54f629fd364714ed,,19,9,0.2085538400603007,0.2085538400603007,0.0250625271546213,0.7099397714445768,0.75,10,2025-11-05,2025,2025-11
in-8c250d05c666e2e2,,19,0,0.0,0.0,0.0,0.0,0.0,19,2025-09-24,2025,2025-09
in-d1f03006a7ef2b70,,19,0,0.0,0.0,0.0,0.6073729536,0.0,19,2025-11-06,2025,2025-11
in-8082f00eb720b9ce,,19,2,0.0459574210016351,0.0328976025962498,0.0459574210016351,0.5950128890880001,0.75,17,2025-08-15,2025,2025-08
in-2770b46aae105d98,,19,7,0.1082237081155546,0.1082237081155546,0.0,0.65561940864,0.0,12,2025-11-04,2025,2025-11
in-860e3de7336b6d0b,,19,0,0.0,0.0,0.0,0.5824811520000001,0.0,19,2025-11-20,2025,2025-11
in-dae4015be55037f1,,19,0,0.0,0.0,0.0,0.9088435678196036,0.0,19,2025-11-28,2025,2025-11
in-20200c59359816e2,,19,1,0.0115165744446536,0.0115165744446536,0.0,0.797551044902556,0.75,18,2025-12-02,2025,2025-12
in-40e2a97e743a0ace,,19,0,0.0,0.0,0.0,0.0,0.0,19,2025-11-20,2025,2025-11
in-3e332c91d6fcc338,,19,4,0.0984603800175163,0.0584353995682412,0.0858695262380028,0.6000753660808622,0.7041666696667671,15,2025-10-13,2025,2025-10
in-5eb9cec423198097,,19,0,0.0,0.0,0.0,0.0,0.0,19,2025-11-10,2025,2025-11
in-c1ee2bf9c7641210,,19,4,0.0919603642664457,0.0,0.0919603642664457,0.0,0.75,15,2025-12-01,2025,2025-12
in-c021166aa01bad9c,,19,0,0.0,0.0,0.0,0.0,0.0,19,2025-11-24,2025,2025-11
in-b5cb63a8060b952b,,19,0,0.0,0.0,0.0,0.0,0.0,19,2025-11-26,2025,2025-11
in-363a477522c680cf,,19,0,0.0,0.0,0.0,0.7530285027294986,0.0,19,2025-07-08,2025,2025-07
in-4f5c95d144d1eb87,,19,0,0.0,0.0,0.0,0.0,0.0,19,2025-11-19,2025,2025-11
in-7ca2c32638a6a1c0,,19,0,0.0,0.0,0.0,0.6073549056,0.0,19,2025-11-19,2025,2025-11
in-18f1331162449a3f,,19,0,0.0,0.0,0.0,0.0,0.7144500018000602,19,2025-11-26,2025,2025-11
in-7ca9b1156abc6620,,19,0,0.0,0.0,0.0,0.0,0.0,19,2025-11-26,2025,2025-11
in-6d7865a492e1980f,,19,0,0.0,0.0,0.0,0.52567308315,0.0,19,2025-10-02,2025,2025-10
in-e5fcb146e8b9f431,,19,7,0.1502776116432298,0.0516388650122149,0.1502776116432298,0.6866033126400002,0.7586799540883965,12,2025-11-05,2025,2025-11
in-00c0b91f9c9cb324,,19,3,0.0320029565257905,0.0141602546640576,0.0178427018617328,0.5717110080000001,0.6955,16,2025-11-04,2025,2025-11
in-1817e77fde92559f,,19,9,0.1340313080330017,0.0342654294309236,0.0997658786020781,0.6165921459469892,0.7991567281583944,10,2025-11-19,2025,2025-11
in-6195fbab8cf1bc1f,,19,9,0.1897221734375835,0.0892277425503356,0.1665491612872011,0.5099715072000001,0.7540210070014,10,2025-11-26,2025,2025-11
in-d1c3064ca0a52a90,,19,7,0.1356789958500177,0.1109282583447618,0.0767916158625954,0.7205521560335354,0.75,12,2025-11-09,2025,2025-11
in-372aed7d86c90958,,19,0,0.0,0.0,0.0,0.599462064,0.0,19,2025-11-14,2025,2025-11
in-2852318d9eae20d7,,19,5,0.0931665287726771,0.0685512796037627,0.0808065006607457,0.6269236780734071,0.75,14,2025-12-02,2025,2025-12
in-49159bb23dd7d973,,19,0,0.0,0.0,0.0,0.6959736556818004,0.0,19,2025-11-10,2025,2025-11
in-62c61fe63077c70d,,19,0,0.0,0.0,0.0,0.0,0.0,19,2025-10-31,2025,2025-10
in-d3049bbf5736b160,,19,3,0.0609151463759573,0.0,0.0609151463759573,0.5532624138240001,0.75,16,2025-10-21,2025,2025-10
in-ea2a9e0627ec4b56,,19,6,0.101701479457554,0.0,0.101701479457554,0.5700680308800001,0.6955,13,2025-08-25,2025,2025-08
in-f212c6ad771f68f6,,19,3,0.0746145975981551,0.0732097692809244,0.050959795399716,0.5702211972855198,0.7878931990861893,16,2025-12-01,2025,2025-12
in-3d6c0a0398154f2b,,19,0,0.0,0.0,0.0,0.0,0.0,19,2025-11-25,2025,2025-11
in-5906aa7cd05b4ccd,,19,4,0.069512481156611,0.0176664701229619,0.0678467230468937,0.630869799497143,0.6968059973716736,15,2025-12-01,2025,2025-12
in-f5623e04e238736a,,19,1,0.0186926986041821,0.0117528462942161,0.0186926986041821,0.5477041528900001,0.75,18,2025-11-26,2025,2025-11
in-fc11b6dbc96f4b5e,,19,1,0.0107759928636496,0.0107759928636496,0.0,0.6492174672000001,0.75,18,2025-11-10,2025,2025-11
in-efbca6ae81940ddf,,19,1,0.0276366700699279,0.0276366700699279,0.0,0.823814239569804,0.0,18,2025-11-19,2025,2025-11
in-e8e6926b64d2b259,,19,8,0.1739122236183119,0.1127446133995533,0.0996311601839567,0.7178940575542323,0.75,11,2025-11-07,2025,2025-11
in-39419a137a900f40,,19,0,0.0,0.0,0.0,0.59013952,0.0,19,2025-11-21,2025,2025-11
in-a8714366ffff3172,,19,0,0.0,0.0,0.0,0.60086304,0.0,19,2025-11-28,2025,2025-11
in-7df8014e102f91c2,,19,0,0.0,0.0,0.0,0.0,0.0,19,2025-09-22,2025,2025-09
in-6560959a622b99a6,,19,0,0.0,0.0,0.0,0.7339569431988963,0.0,19,2025-11-21,2025,2025-11
in-08c6f5f4544b868d,,19,5,0.1027137655960886,0.0,0.1027137655960886,0.601330032,0.75,14,2025-11-11,2025,2025-11
in-6fa41ffcc931f87e,,19,0,0.0,0.0,0.0,0.599462064,0.0,19,2025-10-16,2025,2025-10
in-a74f7d794232df9e,,19,0,0.0,0.0,0.0,0.0,0.0,19,2025-12-01,2025,2025-12
in-3ab347dcc4625d8c,,19,3,0.0684185864984055,0.0684185864984055,0.0,0.6656061737089997,0.0,16,2025-11-20,2025,2025-11
in-fa7f3a0e7e2b882a,,19,0,0.0,0.0,0.0,0.6908525337600001,0.75,19,2025-11-20,2025,2025-11
in-2b2bf00f37de72ce,,19,1,0.0238259102168836,0.0,0.0238259102168836,0.6556295877120001,0.75,18,2025-10-28,2025,2025-10
in-4118eeb4a097c9b6,,19,1,0.0077128832607296,0.0077128832607296,0.0,0.6719247356663972,0.0,18,2025-11-14,2025,2025-11
in-0d6bf784163e0f19,,19,0,0.0,0.0,0.0,0.0,0.0,19,2025-11-26,2025,2025-11
in-c180dba542c64365,,19,1,0.0071551581429552,0.0071551581429552,0.0,0.5893834067831639,0.0,18,2025-09-26,2025,2025-09
in-d2f675fc5b4bfbf8,,19,1,0.0160696336846616,0.0160696336846616,0.0,0.64679637312,0.0,18,2025-11-25,2025,2025-11
in-5212768d253d606f,,19,0,0.0,0.0,0.0,0.788506804142723,0.0,19,2025-11-06,2025,2025-11
in-6235657510a0ff3f,,19,6,0.1090127316188992,0.1090127316188992,0.0,0.6137591594705674,0.0,13,2025-10-14,2025,2025-10
in-7483ac57796efc3d,,19,0,0.0,0.0,0.0,0.587787264,0.0,19,2025-11-26,2025,2025-11
in-277cf9b06c74153d,,19,0,0.0,0.0,0.0,0.0,0.0,19,2025-11-26,2025,2025-11
in-51094d1568950e3c,,19,2,0.0525541757282457,0.0,0.0525541757282457,0.0,0.75,17,2025-11-24,2025,2025-11
in-369832ed70c0f73d,,19,0,0.0,0.0,0.0,0.0,0.0,19,2025-11-20,2025,2025-11
in-66ad65a3c4906838,,19,0,0.0,0.0,0.0,0.0,0.0,19,2025-07-02,2025,2025-07
in-0a5a395a96ddcbe9,,19,7,0.1569741913605701,0.0672435644234042,0.1321078088838791,0.5825049105465485,0.6236958845987916,12,2025-11-18,2025,2025-11
in-0aa12686dd470b99,,19,0,0.0,0.0,0.0,0.0,0.0,19,2025-12-01,2025,2025-12
in-be694c81d73fe006,,19,2,0.0516953965800281,0.0516953965800281,0.0296294499890579,0.7200905301206931,0.8297770102918149,17,2025-11-22,2025,2025-11
in-ac969f923365d2b5,,19,0,0.0,0.0,0.0,0.0,0.0,19,2025-11-26,2025,2025-11
in-801e8b4ef37502b1,,19,2,0.0586215472604099,0.0282731955657992,0.0586215472604099,0.5549293065600001,0.6790695582670825,17,2025-11-26,2025,2025-11
in-87d7d56c77e3cf7a,,19,0,0.0,0.0,0.0,0.5875472256,0.0,19,2025-12-01,2025,2025-12
in-b57a48a3af3f7f97,,19,0,0.0,0.0,0.0,0.616321152,0.0,19,2025-12-01,2025,2025-12
in-4b1edd907cd422ed,,19,0,0.0,0.0,0.0,0.5611134427213388,0.0,19,2025-10-01,2025,2025-10
in-9a53c7e761eaec15,,19,4,0.1005089314360367,0.0,0.1005089314360367,0.61020288,0.75,15,2025-11-18,2025,2025-11
in-2884ab8cc272fed2,,19,1,0.0058766110332497,0.0058766110332497,0.0,0.546324738048,0.75,18,2025-10-29,2025,2025-10
in-54c6b0f391861f9e,,19,0,0.0,0.0,0.0,0.0,0.0,19,2025-10-30,2025,2025-10
in-9bf8dd6670c7c8f0,,19,0,0.0,0.0,0.0,0.61743660864419,0.0,19,2025-06-25,2025,2025-06
in-e8b042329279ef85,,19,0,0.0,0.0,0.0,0.6554730844800001,0.75,19,2025-12-01,2025,2025-12
in-58bfabff667346c3,,19,4,0.1494660477681114,0.1494660477681114,0.0,0.8009952379744055,0.0,15,2025-10-24,2025,2025-10
in-5dc0137fea6a865d,,19,3,0.0632475463967574,0.0302854896003151,0.0632475463967574,0.651456641952,0.75,16,2025-11-27,2025,2025-11
in-c54687740bacfe6f,,19,0,0.0,0.0,0.0,0.0,0.0,19,2025-08-19,2025,2025-08
in-3d8c83688fe4cee8,,19,10,0.1770632611634528,0.1770632611634528,0.0,0.6876656179200002,0.75,9,2025-12-01,2025,2025-12
in-f7203e2438283cb3,,19,0,0.0,0.0,0.0,0.6981222999600001,0.0,19,2025-11-07,2025,2025-11
in-f51d0db79ab4d976,,19,5,0.1395800385977728,0.1395800385977728,0.0,0.8434140431232178,0.0,14,2025-11-28,2025,2025-11
in-70c05c5ac582dbba,,19,6,0.1461669526407802,0.0395163367407641,0.1461669526407802,0.52953055344,0.8305000015000502,13,2025-10-30,2025,2025-10
in-1816626d8ebb73b6,,19,0,0.0,0.0,0.0,0.597127104,0.0,19,2025-12-01,2025,2025-12
in-79fd7389e1f4a273,,19,0,0.0,0.0,0.0,0.0,0.0,19,2025-11-21,2025,2025-11
in-0327c83c4d84f3ce,,19,0,0.0,0.0,0.0,0.4861698048,0.75,19,2025-10-01,2025,2025-10
in-80aa4c8b345e347c,,19,8,0.2028940303348615,0.1712088045725168,0.1028129781102448,0.6634191532329912,0.7779079778393111,11,2025-11-21,2025,2025-11
in-e622db2eb160aabb,,19,0,0.0,0.0,0.0,0.0,0.8278623251815639,19,2025-11-18,2025,2025-11
in-e9c98c1d997359b4,,19,0,0.0,0.0,0.0,0.0,0.0,19,2025-12-01,2025,2025-12
in-5130a2f5bb7857ba,,19,1,0.0281878406276997,0.0281878406276997,0.0,0.7515510540138672,0.0,18,2025-11-25,2025,2025-11
in-ad184e8d688d6d1b,,19,0,0.0,0.0,0.0,0.61020288,0.0,19,2025-12-01,2025,2025-12
in-7d34855edd4c608f,,19,6,0.0985426750499073,0.0141896625759264,0.0843530124739809,0.5518087541159009,0.6752146534813301,13,2025-11-29,2025,2025-11
in-6f657391ee8de59e,,19,0,0.0,0.0,0.0,0.0,0.0,19,2025-11-26,2025,2025-11
in-b9379a843fe84993,,19,1,0.0107630299898244,0.0107630299898244,0.0,0.5995787052857144,0.0,18,2025-10-31,2025,2025-10
in-9dbd6bb503feff73,,19,0,0.0,0.0,0.0,0.602004576,0.0,19,2025-12-02,2025,2025-12
in-eea82d0c75953540,,19,1,0.0239569787375565,0.0,0.0239569787375565,0.0,0.8305000090003014,18,2025-11-25,2025,2025-11
in-9ca4310cb8e13248,,19,2,0.0387599568617971,0.0,0.0387599568617971,0.6129165772800002,0.75,17,2025-09-25,2025,2025-09
in-d531b391c880d7ca,,19,5,0.0956884564099491,0.0344493123423352,0.0612391440676139,0.7610344075444713,0.6469134478398733,14,2025-11-20,2025,2025-11
in-91079ab3deea59fe,,19,0,0.0,0.0,0.0,0.6542620185600001,0.0,19,2025-11-24,2025,2025-11
in-4340aab634b97a0f,,19,1,0.0060854060381227,0.0060854060381227,0.0,0.4245268607999999,0.75,18,2025-11-21,2025,2025-11
in-8aa6706047ab901c,,19,0,0.0,0.0,0.0,0.0,0.75,19,2025-11-21,2025,2025-11
in-dbfc856e6f34e008,,19,3,0.0689299897143715,0.0,0.0689299897143715,0.583591104,0.75,16,2025-12-01,2025,2025-12
in-1e9850338e5e6907,,19,0,0.0,0.0,0.0,0.5980082652846431,0.0,19,2025-11-14,2025,2025-11
in-9c8a76d26db744ab,,19,1,0.0180036774473056,0.0180036774473056,0.0,0.58473346896,0.0,18,2025-11-27,2025,2025-11
in-e03357f052aa5454,,19,0,0.0,0.0,0.0,0.0,0.8268277510404587,19,2025-12-01,2025,2025-12
in-50ffdbed857fcbf8,,19,0,0.0,0.0,0.0,0.0,0.0,19,2025-11-19,2025,2025-11
in-9fc9c5f45b5702c5,,19,11,0.2548263308217482,0.2332644667024587,0.0865781800826165,0.9219313149319526,0.8075579923018814,8,2025-10-28,2025,2025-10
in-d313e8c6518b785f,,19,0,0.0,0.0,0.0,0.0,0.0,19,2025-12-01,2025,2025-12
in-fe0c3c02092b2d9b,,19,1,0.017509577148839,0.0,0.017509577148839,0.8795090720632937,0.75,18,2025-10-01,2025,2025-10
in-c9505375345c0ec6,,19,0,0.0,0.0,0.0,0.5908382784,0.0,19,2025-10-30,2025,2025-10
in-3c2433bacd2dab1d,,19,1,0.0185962275454872,0.0,0.0185962275454872,0.45663848064,0.75,18,2025-12-01,2025,2025-12
in-1bcf64cc46954ca2,,19,0,0.0,0.0,0.0,0.598061088,0.0,19,2025-11-25,2025,2025-11
in-8911f2bf2aa4e83e,,19,0,0.0,0.0,0.0,0.6229991858401045,0.0,19,2025-11-18,2025,2025-11
in-0ec52e826e30846b,,19,0,0.0,0.0,0.0,0.0,0.0,19,2025-10-24,2025,2025-10
in-995e9104addbc261,,19,0,0.0,0.0,0.0,0.0,0.0,19,2025-11-24,2025,2025-11
in-80c73460b6ad57d2,,19,0,0.0,0.0,0.0,0.0,0.0,19,2025-11-25,2025,2025-11
in-c68812c5da1d652b,,19,0,0.0,0.0,0.0,0.0,0.0,19,2025-09-18,2025,2025-09
in-d1b12304b268735d,,19,1,0.0092446559556756,0.0092446559556756,0.0,0.5258627341418249,0.0,18,2025-11-19,2025,2025-11
in-22fdbe0537848b26,,19,0,0.0,0.0,0.0,0.5282451072000001,0.75,19,2025-10-12,2025,2025-10
in-ba278d0695de316c,,19,0,0.0,0.0,0.0,0.59637369024,0.75,19,2025-11-26,2025,2025-11
in-7c03bbd4f2e27c3a,,19,3,0.0544983076680048,0.0254842377770288,0.0290140698909759,0.7448621129579556,0.8282096498111885,16,2025-09-09,2025,2025-09
in-cf7f60dee735734d,,19,4,0.0639740026674071,0.0639740026674071,0.0,0.600924148480851,0.8270357795059681,15,2025-12-01,2025,2025-12
in-599448acd57e7398,,19,0,0.0,0.0,0.0,0.0,0.0,19,2025-11-13,2025,2025-11
in-82a03631efa7b871,,19,3,0.1250695328606829,0.1250695328606829,0.0,0.8520477779531997,0.0,16,2025-08-26,2025,2025-08
in-51f52aa9e15e8653,,19,4,0.0952952918554418,0.0,0.0952952918554418,0.5644925713165097,0.6933349397480488,15,2025-11-26,2025,2025-11
