Sektor,Indonesian Title,English Translation
Teknologi Informasi dan Komunikasi,Skema Okupasi Pemrogram Junior,Junior Programmer
Teknologi Informasi dan Komunikasi,Skema Okupasi Pemrogram Madya,Middle Programmer
Teknologi Informasi dan Komunikasi,Skema Okupasi Pemrogram Senior,Senior Programmer
Teknologi Informasi dan Komunikasi,Skema Okupasi Pengembang Perangkat Lunak,Software Developer
Teknologi Informasi dan Komunikasi,Skema Okupasi System Analyst,System Analyst
Teknologi Informasi dan Komunikasi,Skema Okupasi Database Administrator,Database Administrator
Teknologi Informasi dan Komunikasi,Skema Okupasi Network Administrator Muda,Junior Network Administrator
Teknologi Informasi dan Komunikasi,Skema Okupasi Network Administrator Madya,Middle Network Administrator
Teknologi Informasi dan Komunikasi,Skema Okupasi Teknisi Instalasi dan Aktivasi,Installation & Activation Technician
Teknologi Informasi dan Komunikasi,Skema Okupasi Junior Data Scientist,Junior Data Scientist
Teknologi Informasi dan Komunikasi,Skema Okupasi Associate Data Scientist,Associate Data Scientist
Teknologi Informasi dan Komunikasi,Skema Okupasi Ilmuwan Data Madya,Associate Data Scientist
Teknologi Informasi dan Komunikasi,Skema Okupasi Insinyur Data Madya,Associate Data Engineer
Teknologi Informasi dan Komunikasi,Skema Okupasi Data Engineer,Data Engineer
Teknologi Informasi dan Komunikasi,Skema Okupasi Pemasaran Digital,Digital Marketing
Teknologi Informasi dan Komunikasi,Skema Okupasi Desainer Grafis Muda,Junior Graphic Designer
Teknologi Informasi dan Komunikasi,Skema Okupasi Multimedia,Multimedia
Teknologi Informasi dan Komunikasi,Skema Okupasi Manajemen Proyek,Project Management
Teknologi Informasi dan Komunikasi,Skema Okupasi Audit Teknologi Informasi,IT Audit
Teknologi Informasi dan Komunikasi,Skema Okupasi Auditor Madya Teknologi Informasi,Middle IT Auditor
Teknologi Informasi dan Komunikasi,Skema Okupasi Rekayasa Jaringan Komputer,Computer Network Engineering
Teknologi Informasi dan Komunikasi,Skema Okupasi Pengelolaan Layanan Teknologi Informasi,IT Service Management
Teknologi Informasi dan Komunikasi,Skema Okupasi Sains Data,Data Science
Teknologi Informasi dan Komunikasi,Skema Okupasi Cyber Security Specialist,Cyber Security Specialist
Teknologi Informasi dan Komunikasi,Skema Okupasi Teknisi Komputer,Computer Technician
Teknologi Informasi dan Komunikasi,Skema Okupasi Aplikasi Perkantoran,Office Applications
Teknologi Informasi dan Komunikasi,Skema Okupasi Data Entry Clerk / Operator,Data Entry Clerk / Operator
Manajemen Sumber Daya Manusia,Skema Okupasi Staf Sumber Daya Manusia,HR Administrative Staff
Manajemen Sumber Daya Manusia,Skema Okupasi Supervisor Sumber Daya Manusia,HR Supervisor
Manajemen Sumber Daya Manusia,Skema Okupasi Manajer Sumber Daya Manusia,HR Manager
Manajemen Sumber Daya Manusia,Skema Okupasi Manajer Hubungan Industrial,Industrial Relations Manager
Manajemen Sumber Daya Manusia,Skema Okupasi Kepala Bagian Rekrutmen dan Seleksi,Head of Recruitment & Selection
Manajemen Sumber Daya Manusia,Skema Okupasi Kepala Bagian Pelatihan dan Pengembangan,Head of Training & Development
Manajemen Sumber Daya Manusia,Skema Okupasi Kepala Bagian Remunerasi,Head of Remuneration
Manajemen Sumber Daya Manusia,Skema Okupasi Analis Remunerasi,Remuneration Analyst
Manajemen Sumber Daya Manusia,Skema Okupasi Analis Perjanjian Kerja dan Kelembagaan Hubungan Industrial,Labor Contract & Industrial Relations Institutional Analyst
Manajemen Sumber Daya Manusia,Skema Okupasi Analis Pencegahan dan Penyelesaian Perselisihan Hubungan Industrial,Industrial Dispute Prevention & Resolution Analyst
Manajemen Sumber Daya Manusia,Skema Okupasi Supervisor Rekrutmen dan Seleksi SDM,HR Recruitment & Selection Supervisor
Manajemen Sumber Daya Manusia,Skema Okupasi Penata Pembuatan Perjanjian Kerja,Labor Contract Drafter (Qualification IV)
Manajemen Sumber Daya Manusia,Skema Okupasi Integrated Talent Management,Integrated Talent Management
Keuangan Perbankan dan Asuransi,Skema Okupasi Direktur Tk 1 BPR,BPR Director Tier 1
Keuangan Perbankan dan Asuransi,Skema Okupasi Direktur Tk 2 BPR,BPR Director Tier 2
Keuangan Perbankan dan Asuransi,Skema Okupasi Komisaris BPR,BPR Commissioner
Keuangan Perbankan dan Asuransi,Skema Okupasi Pejabat Eksekutif BPR,BPR Executive Officer
Keuangan Perbankan dan Asuransi,Skema Okupasi Supervisor BPR,BPR Supervisor
Keuangan Perbankan dan Asuransi,Skema Okupasi Staf BPR,BPR Staff
Keuangan Perbankan dan Asuransi,Skema Sertifikasi Manajemen Risiko Bank Umum Level 1,Commercial Bank Risk Management Level 1
Keuangan Perbankan dan Asuransi,Skema Sertifikasi Manajemen Risiko Bank Umum Level 2,Commercial Bank Risk Management Level 2
Keuangan Perbankan dan Asuransi,Skema Sertifikasi Manajemen Risiko Bank Umum Level 3,Commercial Bank Risk Management Level 3
Keuangan Perbankan dan Asuransi,Skema Sertifikasi Manajemen Risiko Bank Umum Level 4,Commercial Bank Risk Management Level 4
Keuangan Perbankan dan Asuransi,Skema Sertifikasi Manajemen Risiko Bank Umum Level 5,Commercial Bank Risk Management Level 5
Keuangan Perbankan dan Asuransi,Skema Okupasi Treasury Dealer,Treasury Dealer
Keuangan Perbankan dan Asuransi,Skema Okupasi Wealth Management,Wealth Management
Keuangan Perbankan dan Asuransi,Skema Okupasi General Banking,General Banking
Keuangan Perbankan dan Asuransi,Skema Okupasi Compliance (Perbankan),Banking Compliance
Keuangan Perbankan dan Asuransi,Skema Sertifikasi Pemberian Jasa Pelayanan Nasabah,Customer Service Provision
Keuangan Perbankan dan Asuransi,Skema Sertifikasi Pengelolaan Keuangan dan Akuntansi Bank Syariah,Sharia Bank Finance & Accounting Management
Keuangan Perbankan dan Asuransi,Skema Sertifikasi Manajer / Kepala Cabang KSPPS / USPPS,KSPPS / USPPS Manager / Branch Head
Keuangan Perbankan dan Asuransi,Skema Sertifikasi Teknisi Akuntansi Pratama,Junior Accounting Technician
Keuangan Perbankan dan Asuransi,Skema Sertifikasi Teknisi Akuntansi Muda,Middle Accounting Technician
Keuangan Perbankan dan Asuransi,Skema Sertifikasi Teknisi Akuntansi Madya,Senior Accounting Technician
Keuangan Perbankan dan Asuransi,Skema Sertifikasi Teknisi Akuntansi Ahli,Expert Accounting Technician
Keuangan Perbankan dan Asuransi,Skema Sertifikasi Wakil Penjamin Emisi Efek (WPEE),Securities Underwriter Representative
Keuangan Perbankan dan Asuransi,Skema Sertifikasi Wakil Perantara Pedagang Efek (WPPE),Securities Broker-Dealer Representative
Keuangan Perbankan dan Asuransi,Skema Sertifikasi Wakil Manajer Investasi (WMI),Investment Manager Representative
Pariwisata dan Perhotelan,Skema Okupasi Bellboy,Bellboy
Pariwisata dan Perhotelan,Skema Okupasi Receptionist,Receptionist
Pariwisata dan Perhotelan,Skema Okupasi Telephone Operator,Telephone Operator
Pariwisata dan Perhotelan,Skema Okupasi Front Office Supervisor,Front Office Supervisor
Pariwisata dan Perhotelan,Skema Okupasi Public Area Cleaner,Public Area Cleaner
Pariwisata dan Perhotelan,Skema Okupasi Room Attendant,Room Attendant
Pariwisata dan Perhotelan,Skema Okupasi Laundry Attendant,Laundry Attendant
Pariwisata dan Perhotelan,Skema Okupasi Floor Supervisor,Floor Supervisor
Pariwisata dan Perhotelan,Skema Okupasi Waiter,Waiter
Pariwisata dan Perhotelan,Skema Okupasi Bartender,Bartender
Pariwisata dan Perhotelan,Skema Okupasi Head Waiter,Head Waiter
Pariwisata dan Perhotelan,Skema Okupasi Outlet Manager,Outlet Manager
Pariwisata dan Perhotelan,Skema Okupasi Butcher,Butcher
Pariwisata dan Perhotelan,Skema Okupasi Commis Pastry,Commis Pastry
Pariwisata dan Perhotelan,Skema Okupasi Baker,Baker
Pariwisata dan Perhotelan,Skema Okupasi Demi Chef,Demi Chef
Pariwisata dan Perhotelan,Skema Okupasi Chef de Partie,Chef de Partie
Pariwisata dan Perhotelan,Skema Okupasi Executive Chef,Executive Chef
Pariwisata dan Perhotelan,Skema Okupasi Pemandu Ekowisata Muda,Junior Ecotourism Guide
Pariwisata dan Perhotelan,Skema Okupasi Pemandu Arung Jeram,Rafting Guide
Pariwisata dan Perhotelan,Skema Okupasi Konsultan Perencanaan Pemasaran Pariwisata,Tourism Marketing Planning Consultant
Pariwisata dan Perhotelan,Skema Okupasi Spa Therapist Junior,Junior Spa Therapist
Pariwisata dan Perhotelan,Skema Okupasi Usaha Perjalanan Wisata,Travel Agency Operations
Pariwisata dan Perhotelan,Skema Okupasi Wisata Bahari dan Ekowisata,Marine Tourism & Ecotourism
Konstruksi,Skema Okupasi Ahli Muda Perawatan Bangunan Gedung,Junior Building Maintenance Expert
Konstruksi,Skema Okupasi Ahli Madya Perawatan Bangunan Gedung,Middle Building Maintenance Expert
Konstruksi,Skema Okupasi Ahli Utama Perawatan Bangunan Gedung,Senior Building Maintenance Expert
Konstruksi,Skema Okupasi Ahli Muda Perencana Beton,Junior Concrete Planning Expert
Konstruksi,Skema Okupasi Ahli Madya Perencana Beton,Middle Concrete Planning Expert
Konstruksi,Skema Okupasi Ahli Utama Perencana Beton,Senior Concrete Planning Expert
Konstruksi,Skema Okupasi Ahli Muda Manajemen Proyek Konstruksi,Junior Construction Project Management Expert
Konstruksi,Skema Okupasi Ahli Madya Manajemen Proyek Konstruksi,Middle Construction Project Management Expert
Konstruksi,Skema Okupasi Ahli Utama Manajemen Proyek Konstruksi,Senior Construction Project Management Expert
Konstruksi,Skema Okupasi Ahli Muda K3 Konstruksi,Junior Construction Safety Expert
Konstruksi,Skema Okupasi Ahli Madya Keselamatan Konstruksi,Middle Construction Safety Expert
Konstruksi,Skema Okupasi Ahli Utama Keselamatan Konstruksi,Senior Construction Safety Expert
Konstruksi,Skema Okupasi Manajer Lapangan Pekerjaan Gedung,Building Works Field Manager
Konstruksi,Skema Okupasi Manajer Teknik Pelaksana Bangunan Gedung,Building Technical Implementation Manager
Konstruksi,Skema Okupasi Pengawas Lapangan Pekerjaan Jalan,Road Works Field Supervisor
Konstruksi,Skema Okupasi Pengawas Lapangan Pekerjaan Jembatan,Bridge Works Field Supervisor
Konstruksi,Skema Okupasi Ahli Muda Geoteknik,Junior Geotechnical Expert
Konstruksi,Skema Okupasi Ahli Madya Geoteknik,Middle Geotechnical Expert
Konstruksi,Skema Okupasi Ahli Muda Hidrologi,Junior Hydrology Expert
Konstruksi,Skema Okupasi Ahli Madya Hidrologi,Middle Hydrology Expert
Konstruksi,Skema Okupasi Ahli Muda Bendungan Besar,Junior Large Dam Expert
Konstruksi,Skema Okupasi Ahli Madya Bendungan Besar,Middle Large Dam Expert
Konstruksi,Skema Okupasi Ahli Muda Sistem Manajemen Mutu Konstruksi,Junior Construction Quality Management System Expert
Konstruksi,Skema Okupasi Ahli Madya Sistem Manajemen Mutu Konstruksi,Middle Construction Quality Management System Expert
Konstruksi,Skema Okupasi Ahli Muda Penilai Kelaikan Bangunan Gedung,Junior Building Fitness Assessor
Konstruksi,Skema Okupasi Ahli Madya Penilai Kelaikan Bangunan Gedung,Middle Building Fitness Assessor
Konstruksi,Skema Okupasi Ahli Muda Building Information Modeling (BIM),Junior BIM Expert
Konstruksi,Skema Okupasi Ahli Madya Building Information Modeling (BIM),Middle BIM Expert
Konstruksi,Skema Okupasi Tukang Pasang Bata,Bricklayer
Konstruksi,Skema Okupasi Tukang Plester,Plasterer
Konstruksi,Skema Okupasi Tukang Cor Beton,Concrete Caster
Konstruksi,Skema Okupasi Tukang Besi Beton,Steel Bar Setter
Konstruksi,Skema Okupasi Pelaksana Pemeliharaan Jaringan Irigasi,Irrigation Network Maintenance Implementer
Konstruksi,Skema Okupasi Penilai Kegagalan Bangunan Sumber Daya Air,Water Resources Building Failure Assessor
Pertanian Perkebunan dan Peternakan,Skema Okupasi Fasilitator Pertanian Organik Tanaman,Plant Organic Agriculture Facilitator
Pertanian Perkebunan dan Peternakan,Skema Okupasi Inspektor Organik Tanaman,Plant Organic Inspector
Pertanian Perkebunan dan Peternakan,Skema Okupasi Pekerja Hortikultura,Horticulture Worker
Pertanian Perkebunan dan Peternakan,Skema Okupasi Pembibitan Tanaman Kelapa Sawit,Oil Palm Seedling / Nursery
Pertanian Perkebunan dan Peternakan,Skema Okupasi Asisten Kebun Kelapa Sawit,Oil Palm Plantation Assistant
Pertanian Perkebunan dan Peternakan,Skema Okupasi Pembudidayaan Jamur,Mushroom Cultivation
Pertanian Perkebunan dan Peternakan,Skema Okupasi Asisten Pengendali Organisme Pengganggu Tumbuhan (OPT),Assistant Plant Pest Controller
Pertanian Perkebunan dan Peternakan,Skema Okupasi Supervisor Agribisnis – Bidang Pemasaran,Agribusiness Supervisor – Marketing
Pertanian Perkebunan dan Peternakan,Skema Okupasi Manajer Produksi Agribisnis,Agribusiness Production Manager
Pertanian Perkebunan dan Peternakan,Skema Okupasi Manajer Sumberdaya Manusia Agribisnis,Agribusiness HR Manager
Pertanian Perkebunan dan Peternakan,Skema Okupasi Supervisor Pengawas Mutu Pakan,Feed Quality Control Supervisor
Pertanian Perkebunan dan Peternakan,Skema KKNI Level IV Agribisnis Tanaman Pangan dan Hortikultura,KKNI L4 Food Crop & Horticulture Agribusiness
Pertanian Perkebunan dan Peternakan,Skema KKNI Level IV Agribisnis Tanaman Perkebunan,KKNI L4 Plantation Crop Agribusiness
Pertanian Perkebunan dan Peternakan,Skema KKNI Level IV Agribisnis Ternak Unggas,KKNI L4 Poultry Livestock Agribusiness
Pertanian Perkebunan dan Peternakan,Skema KKNI Level IV Agribisnis Ternak Ruminansia,KKNI L4 Ruminant Livestock Agribusiness
Pertanian Perkebunan dan Peternakan,Skema KKNI Level IV Agribisnis Pengolahan Hasil Pertanian,KKNI L4 Agricultural Product Processing Agribusiness
Pertanian Perkebunan dan Peternakan,Skema KKNI Level IV Kesehatan Hewan,KKNI L4 Animal Health
Pertanian Perkebunan dan Peternakan,Skema KKNI Level IV Pemuliaan dan Perbenihan Tanaman,KKNI L4 Plant Breeding & Seedling
Pertanian Perkebunan dan Peternakan,Skema KKNI Level IV Mekanisasi Pertanian,KKNI L4 Agricultural Mechanization
Kelautan dan Perikanan,Skema Okupasi Nakhoda Kapal Penangkap Ikan,Fishing Vessel Captain
Kelautan dan Perikanan,Skema Okupasi Anak Buah Kapal (ABK) Perikanan Tangkap,Fishing Vessel Crew
Kelautan dan Perikanan,Skema Okupasi Teknisi Mesin Kapal Perikanan,Fishing Vessel Engine Technician
Kelautan dan Perikanan,Skema Okupasi Ahli Pengolahan Hasil Perikanan,Fishery Product Processing Expert
Kelautan dan Perikanan,Skema Okupasi Teknisi Budidaya Ikan Air Tawar,Freshwater Fish Culture Technician
Kelautan dan Perikanan,Skema Okupasi Teknisi Budidaya Udang,Shrimp Culture Technician
Kelautan dan Perikanan,Skema Okupasi Teknisi Budidaya Rumput Laut,Seaweed Culture Technician
Kelautan dan Perikanan,Skema Okupasi Penyuluh Perikanan,Fisheries Extension Officer
Kelautan dan Perikanan,Skema Okupasi Pengawas Mutu Hasil Perikanan,Fishery Product Quality Inspector
Kelautan dan Perikanan,Skema Okupasi Pembudidaya Akuakultur,Aquaculture Farmer
Minyak Gas dan Pertambangan,Skema Okupasi Operator K3 (Migas),Oil & Gas OHS Operator
Minyak Gas dan Pertambangan,Skema Okupasi Pengawas K3 (Migas),Oil & Gas OHS Supervisor
Minyak Gas dan Pertambangan,Skema Okupasi Pengawas Utama K3 (Migas),Oil & Gas Senior OHS Supervisor
Minyak Gas dan Pertambangan,Skema Okupasi Pengawas Laboratorium Pengujian Migas,Oil & Gas Testing Laboratory Supervisor
Minyak Gas dan Pertambangan,Skema Okupasi Authorized Gas Tester,Authorized Gas Tester
Minyak Gas dan Pertambangan,Skema Okupasi Welding Inspector Basic,Basic Welding Inspector
Minyak Gas dan Pertambangan,Skema Okupasi Welding Engineer,Welding Engineer
Minyak Gas dan Pertambangan,Skema Okupasi Petugas Penanganan Bahaya H2S,H2S Hazard Handling Officer
Minyak Gas dan Pertambangan,Skema Okupasi Pipeline Checker,Pipeline Checker
Minyak Gas dan Pertambangan,Skema Okupasi Teknisi Lapangan ILI,ILI Field Technician
Minyak Gas dan Pertambangan,Skema Okupasi Supervisor Operasi dan Pemeliharaan Pipa Penyalur,Pipeline Operations & Maintenance Supervisor
Minyak Gas dan Pertambangan,Skema Okupasi Pipeline Integrity Management System (PIMS) Auditor,PIMS Auditor
Minyak Gas dan Pertambangan,Skema Okupasi AIMS Engineer,Asset Integrity Management System Engineer
Minyak Gas dan Pertambangan,Skema Okupasi Penanggung Jawab Operasional Instalasi Pengendalian Pencemaran Udara (POPU),Person in Charge of Air Pollution Control Installation
Minyak Gas dan Pertambangan,Skema Okupasi Operasional Pengelolaan Limbah B3 (OPLB3),B3 Hazardous Waste Operational Management
Minyak Gas dan Pertambangan,Skema Okupasi Pengelolaan Bahan Peledak di Pengeboran dan Kerja Ulang,Explosives Management in Drilling & Workover
Minyak Gas dan Pertambangan,Skema Okupasi Leak Test Level II,Leak Test Level II
Minyak Gas dan Pertambangan,Skema Okupasi Leak Test Level III,Leak Test Level III
Minyak Gas dan Pertambangan,Skema Okupasi Ultrasonic Test Level I,UT Level I
Minyak Gas dan Pertambangan,Skema Okupasi Ultrasonic Test Level II,UT Level II
Minyak Gas dan Pertambangan,Skema Okupasi Ultrasonic Test Level III Advance,UT Level III Advance
Minyak Gas dan Pertambangan,Skema Okupasi Radiography Test Level I,RT Level I
Minyak Gas dan Pertambangan,Skema Okupasi Radiography Test Level II,RT Level II
Minyak Gas dan Pertambangan,Skema Okupasi Radiography Test Level III Advance,RT Level III Advance
Minyak Gas dan Pertambangan,Skema Okupasi Verifikator TKDN,Domestic Content (TKDN) Verifier
Minyak Gas dan Pertambangan,Skema Okupasi Auditor Energi Listrik,Electrical Energy Auditor
Minyak Gas dan Pertambangan,Skema Okupasi Auditor Sistem Manajemen Lingkungan,Environmental Management System Auditor
Ketenagalistrikan (SKTTK),Skema Okupasi Manager Pemeliharaan Instalasi Pemanfaatan Tegangan Rendah,Low Voltage Utilization Installation Maintenance Manager
Ketenagalistrikan (SKTTK),Skema Okupasi Manager Pemeliharaan Instalasi Pemanfaatan Tegangan Menengah,Medium Voltage Utilization Installation Maintenance Manager
Ketenagalistrikan (SKTTK),Skema Okupasi Manager Pemeliharaan Instalasi Pemanfaatan Tegangan Tinggi,High Voltage Utilization Installation Maintenance Manager
Ketenagalistrikan (SKTTK),Skema Okupasi Manager Pengoperasian Instalasi Pemanfaatan Tegangan Rendah,Low Voltage Utilization Installation Operations Manager
Ketenagalistrikan (SKTTK),Skema Okupasi Manager Pengoperasian Instalasi Pemanfaatan Tegangan Menengah,Medium Voltage Utilization Installation Operations Manager
Ketenagalistrikan (SKTTK),Skema Okupasi Manager Pengoperasian Instalasi Pemanfaatan Tegangan Tinggi,High Voltage Utilization Installation Operations Manager
Ketenagalistrikan (SKTTK),Skema Okupasi Asisten Manajer Pemeliharaan Pemanfaatan Tegangan Menengah,Assistant Manager – Medium Voltage Utilization Maintenance
Ketenagalistrikan (SKTTK),Skema Okupasi Asisten Manajer Pengoperasian Pemanfaatan Tegangan Menengah,Assistant Manager – Medium Voltage Utilization Operations
Ketenagalistrikan (SKTTK),Skema Okupasi Teknisi Pembangunan dan Pemasangan Jaringan Tegangan Rendah,Low Voltage Network Construction & Installation Technician
Ketenagalistrikan (SKTTK),Skema Okupasi Manager Pengoperasian Instalasi Stasiun Pengisian Kendaraan Listrik Umum (SPKLU),Public EV Charging Station Operations Manager
Ketenagalistrikan (SKTTK),Skema Okupasi Pelaksana Madya Pembangunan dan Pemasangan Distribusi Tegangan Rendah,Middle Implementer – Low Voltage Distribution Construction & Installation
Energi Baru Terbarukan,Skema Okupasi Ahli Geologi Panas Bumi,Geothermal Geologist
Energi Baru Terbarukan,Skema Okupasi Geothermal Rotary Equipment Inspector,Geothermal Rotary Equipment Inspector
Energi Baru Terbarukan,Skema Okupasi Senior / Chief Engineer Perencanaan PLTS (KKNI Level 7),Solar Power Plant Planning Senior / Chief Engineer
Energi Baru Terbarukan,Skema Okupasi Operator Senior Pemasangan PLTS Atap,Senior Rooftop Solar PV Installer
Energi Baru Terbarukan,Skema Okupasi Inspektur Muda Pemeriksaan dan Pengujian PLTS,Junior PV Inspection & Testing Inspector
Energi Baru Terbarukan,Skema Okupasi Pelaksana Kelistrikan dan Pembangunan PLTS,Solar PV Electrical & Construction Implementer
Energi Baru Terbarukan,Skema Okupasi Teknisi PLTMH,Mini-Hydro Power Plant Technician
Energi Baru Terbarukan,Skema Okupasi Teknisi PLTB,Wind Power Plant Technician
Energi Baru Terbarukan,Skema Okupasi Teknisi PLTBg / PLTBm / PLTSa,Biogas / Biomass / Waste-to-Energy Power Plant Technician
Manufaktur Otomotif dan Industri,Skema Okupasi Engine Tune Up Konvensional,Conventional Engine Tune-Up
Manufaktur Otomotif dan Industri,Skema Okupasi Engine Tune Up Injeksi,Injection Engine Tune-Up
Manufaktur Otomotif dan Industri,Skema Okupasi Pemeliharaan Emisi Gas Buang,Exhaust Gas Emission Maintenance
Manufaktur Otomotif dan Industri,Skema Okupasi Pemeliharaan Four Wheel Alignment,Four Wheel Alignment Maintenance
Manufaktur Otomotif dan Industri,Skema Okupasi Pemeriksaan Kondisi Mobil,Vehicle Condition Inspection
Manufaktur Otomotif dan Industri,Skema Okupasi Pengecatan Panel Bodi Kendaraan,Vehicle Body Panel Painting
Manufaktur Otomotif dan Industri,Skema Okupasi Servis Sepeda Motor Sistem Karburator,Carburetor Motorcycle Service
Manufaktur Otomotif dan Industri,Skema Okupasi Servis Sepeda Motor Sistem Injeksi,Injection Motorcycle Service
Manufaktur Otomotif dan Industri,Skema Okupasi Chassis dan Suspension Junior Technician,Chassis & Suspension Junior Technician
Manufaktur Otomotif dan Industri,Skema Okupasi Power Train Junior Technician,Power Train Junior Technician
Manufaktur Otomotif dan Industri,Skema Okupasi Perencanaan dan Perbaikan Pak Baterai (EV),EV Battery Pack Planning & Repair
Manufaktur Otomotif dan Industri,Skema Okupasi Pemeliharaan Berkala Sepeda Motor Matic Injeksi,Periodic Maintenance of Automatic Injection Motorcycles
Manufaktur Otomotif dan Industri,Skema Okupasi Manajer Perencana Material MRO,MRO Material Planner Manager
Manufaktur Otomotif dan Industri,Skema Okupasi Manajer Pengadaan MRO,MRO Procurement Manager
Manufaktur Otomotif dan Industri,Skema Okupasi Manajer Logistik MRO,MRO Logistics Manager
Manufaktur Otomotif dan Industri,Skema Okupasi Manajer Gudang MRO,MRO Warehouse Manager
Manufaktur Otomotif dan Industri,Skema Okupasi Procurement Supervisor,Procurement Supervisor
Manufaktur Otomotif dan Industri,Skema Okupasi Warehouse Operation Officer,Warehouse Operation Officer
Manufaktur Otomotif dan Industri,Skema KKNI Level II Teknik Pemesinan,KKNI L2 Machining Engineering
Manufaktur Otomotif dan Industri,Skema KKNI Level II Teknik Pengelasan,KKNI L2 Welding Engineering
Manufaktur Otomotif dan Industri,Skema KKNI Level II Teknik Pengecoran Logam,KKNI L2 Metal Casting Engineering
Manufaktur Otomotif dan Industri,Skema KKNI Level II Teknik Mekanik Industri,KKNI L2 Industrial Mechanics
Manufaktur Otomotif dan Industri,Skema KKNI Level II Teknik Otomasi Industri,KKNI L2 Industrial Automation Engineering
Manufaktur Otomotif dan Industri,Skema KKNI Level II Teknik Pendingin dan Tata Udara,KKNI L2 Refrigeration & Air Conditioning
Manufaktur Otomotif dan Industri,Skema KKNI Level II Teknik Instalasi Tenaga Listrik,KKNI L2 Electrical Power Installation
Manufaktur Otomotif dan Industri,Skema KKNI Level II Teknik Tenaga Listrik,KKNI L2 Electrical Power Engineering
Manufaktur Otomotif dan Industri,Skema KKNI Level III Teknik Instrumentasi Logam,KKNI L3 Metal Instrumentation Engineering
Manufaktur Otomotif dan Industri,Skema KKNI Level III Teknik Penyempurnaan Tekstil,KKNI L3 Textile Finishing Engineering
Manufaktur Otomotif dan Industri,Skema KKNI Level III Teknik Mekatronika,KKNI L3 Mechatronics Engineering
Manufaktur Otomotif dan Industri,Skema KKNI Level II Aircraft Sheet Metal Forming,KKNI L2 Aircraft Sheet Metal Forming
Manufaktur Otomotif dan Industri,Skema KKNI Level II Airframe Mechanic,KKNI L2 Airframe Mechanic
Manufaktur Otomotif dan Industri,Skema KKNI Level II Teknik Pengelasan Kapal,KKNI L2 Ship Welding Engineering
Logistik dan Transportasi,Skema Okupasi Pengelolaan Logistik Transportasi,Transport Logistics Management
Logistik dan Transportasi,Skema Okupasi TKBM Barang-Barang Umum (General Cargo),General Cargo Loading-Unloading Worker
Logistik dan Transportasi,Skema Okupasi Pengemudi Angkutan Bermotor,Motorized Transport Driver
Logistik dan Transportasi,Skema Okupasi Pengurusan Pengangkutan Multimoda,Multimodal Transport Forwarder
Logistik dan Transportasi,Skema Okupasi Manajer Pergudangan,Warehouse Manager
Logistik dan Transportasi,Skema Okupasi Supply Chain Manager,Supply Chain Manager
Logistik dan Transportasi,Skema Okupasi Export Import Administrative Staff,Export-Import Administrative Staff
Logistik dan Transportasi,Skema Okupasi Customs Broker,Customs Broker
Kesehatan dan Farmasi,Skema Okupasi Asisten Tenaga Kefarmasian di Apotek,Pharmacy Assistant at Pharmacies
Kesehatan dan Farmasi,Skema Okupasi Asisten Tenaga Kefarmasian di Rumah Sakit,Pharmacy Assistant at Hospitals
Kesehatan dan Farmasi,Skema Okupasi Asisten Tenaga Kefarmasian di Industri Farmasi,Pharmacy Assistant at Pharmaceutical Industry
Kesehatan dan Farmasi,Skema Okupasi Asisten Tenaga Kefarmasian di Pelayanan Kefarmasian,Pharmacy Assistant at Pharmaceutical Services
Kesehatan dan Farmasi,Skema Sertifikat II Bidang Farmasi Klinis dan Komunitas,Certificate II Clinical & Community Pharmacy
Kesehatan dan Farmasi,Skema Sertifikat II Bidang Keperawatan,Certificate II Nursing
Kesehatan dan Farmasi,Skema Okupasi Baby Sitter,Baby Sitter
Kesehatan dan Farmasi,Skema Okupasi Asisten Caregiver Lansia,Elderly Caregiver Assistant
Kesehatan dan Farmasi,Skema Okupasi Pengelola HACCP,HACCP Manager
Keselamatan dan Kesehatan Kerja (K3),Skema Okupasi Ahli K3 Umum,General OHS Expert
Keselamatan dan Kesehatan Kerja (K3),Skema Okupasi Ahli K3 Muda,Junior OHS Expert
Keselamatan dan Kesehatan Kerja (K3),Skema Okupasi Ahli K3 Madya,Middle OHS Expert
Keselamatan dan Kesehatan Kerja (K3),Skema Okupasi Ahli K3 Utama,Senior OHS Expert
Keselamatan dan Kesehatan Kerja (K3),Skema Okupasi Petugas K3,OHS Officer
Keselamatan dan Kesehatan Kerja (K3),Skema Okupasi Operator K3,OHS Operator
Keselamatan dan Kesehatan Kerja (K3),Skema Okupasi Petugas P3K,First Aid Officer
Keselamatan dan Kesehatan Kerja (K3),Skema Okupasi Petugas K3 Kebakaran,Fire OHS Officer
Keselamatan dan Kesehatan Kerja (K3),Skema Okupasi Teknisi K3 Listrik,Electrical OHS Technician
Keselamatan dan Kesehatan Kerja (K3),Skema Okupasi Petugas Keselamatan Konstruksi,Construction Safety Officer
Keselamatan dan Kesehatan Kerja (K3),Skema Okupasi Penanggung Jawab Operasional Pengolahan Air Limbah (POPAL),Wastewater Treatment Operations Person-in-Charge
Lingkungan Hidup,Skema Okupasi Ketua Tim Penyusun AMDAL (KTPA),EIA Team Leader
Lingkungan Hidup,Skema Okupasi Anggota Tim Penyusun AMDAL (ATPA),EIA Team Member
Lingkungan Hidup,Skema Okupasi Penanggung Jawab Pengendalian Pencemaran Air (PPPA),Water Pollution Control Person-in-Charge
Lingkungan Hidup,Skema Okupasi Penanggung Jawab Operasional Pengolahan Air Limbah (POPAL),Wastewater Treatment Operations Person-in-Charge
Lingkungan Hidup,Skema Okupasi Penanggung Jawab Pengendalian Pencemaran Udara (PPPU),Air Pollution Control Person-in-Charge
Lingkungan Hidup,Skema Okupasi Penanggung Jawab Operasional Pengendalian Pencemaran Udara (POPU),Air Pollution Control Operations Person-in-Charge
Lingkungan Hidup,Skema Okupasi Penanggung Jawab Pengelolaan Limbah B3 (PPLB3),B3 Hazardous Waste Management Person-in-Charge
Lingkungan Hidup,Skema Okupasi Operasional Pengelolaan Limbah B3 (OPLB3),B3 Hazardous Waste Operational Management
Lingkungan Hidup,Skema Okupasi Petugas Pengambil Contoh Uji Air (PCUA),Water Sample Collection Officer
Lingkungan Hidup,Skema Okupasi Penilai Keberhasilan Reklamasi Hutan,Forest Reclamation Success Assessor
Industri Halal,Skema Sertifikasi Okupasi Auditor Halal,Halal Auditor
Industri Halal,Skema Sertifikasi Okupasi Penyelia Halal,Halal Supervisor
Industri Halal,Skema Sertifikasi Okupasi Juru Sembelih Halal (Juleha),Halal Slaughter Officer
Koperasi dan UMKM,Skema Okupasi Kasir Koperasi Jasa Keuangan,Cooperative Financial Services Cashier
Koperasi dan UMKM,Skema Okupasi Juru Buku,Bookkeeper
Koperasi dan UMKM,Skema Okupasi Juru Survey,Survey Officer
Koperasi dan UMKM,Skema Okupasi Juru Tagih,Collection Officer
Koperasi dan UMKM,Skema Okupasi Customer Service Koperasi,Cooperative Customer Service
Koperasi dan UMKM,Skema Okupasi Petugas Pengendalian Intern Koperasi,Cooperative Internal Control Officer
Koperasi dan UMKM,Skema Okupasi Analis Pinjaman,Loan Analyst
Koperasi dan UMKM,Skema Okupasi Kepala Bagian Pendanaan,Head of Funding
Koperasi dan UMKM,Skema Okupasi Kepala Bagian Akuntansi (Koperasi),Head of Accounting (Cooperative)
Koperasi dan UMKM,Skema Okupasi Kepala Bagian Pinjaman / Pembiayaan,Head of Lending / Financing
Koperasi dan UMKM,Skema Okupasi Manajer / Kepala Cabang Koperasi,Cooperative Manager / Branch Head
Koperasi dan UMKM,Skema Okupasi Manajer Ritel Koperasi,Cooperative Retail Manager
Koperasi dan UMKM,Skema Okupasi Pengawas Koperasi,Cooperative Supervisor
Koperasi dan UMKM,Skema Sertifikasi Okupasi Manajer Koperasi Desa / Kelurahan Merah Putih,Manager of Red-and-White Village / Kelurahan Cooperative
Koperasi dan UMKM,Skema Sertifikasi Okupasi Bendahara Koperasi Desa / Kelurahan Merah Putih,Treasurer of Red-and-White Village / Kelurahan Cooperative
Koperasi dan UMKM,Skema Okupasi Konsultan Pendamping UMKM Junior,Junior SME Mentoring Consultant
Koperasi dan UMKM,Skema Okupasi Konsultan Pendamping UMKM Senior,Senior SME Mentoring Consultant
Sektor Publik,Skema Okupasi Pengelola PBJ Pertama,Junior Procurement Manager (Functional Position)
Sektor Publik,Skema Okupasi Pengelola PBJ Muda,Middle Procurement Manager (Functional Position)
Sektor Publik,Skema Okupasi Pengelola PBJ Madya,Senior Procurement Manager (Functional Position)
Sektor Publik,Skema Okupasi Pejabat Pembuat Komitmen (PPK),Commitment-Making Official
Sektor Publik,Skema Okupasi Pokja Pemilihan Pengadaan Barang / Jasa,Procurement Selection Working Group Member
Sektor Publik,Skema Okupasi Pejabat Pengadaan,Procurement Officer
Sektor Publik,Skema Okupasi Analis Kebijakan Publik,Public Policy Analyst
Sektor Publik,Skema Okupasi Public Relations Officer,Public Relations Officer
Sektor Publik,Skema Okupasi Pengelola Informasi dan Dokumentasi Publik (PID),Public Information & Documentation Manager
Sektor Publik,Skema Okupasi Junior Administrative Assistant,Junior Administrative Assistant
Sektor Publik,Skema Okupasi Teknisi Pemetaan dan Sistem Informasi Geografis,Mapping & GIS Technician
Sektor Publik,Skema Okupasi Penyusun Program Pemberdayaan Masyarakat,Community Empowerment Program Drafter
Sektor Publik,Skema Okupasi Fasilitator Pemberdayaan Masyarakat,Community Empowerment Facilitator
Pelatihan Asesmen dan Pendidikan,Skema Okupasi Instruktur Junior,Junior Instructor
Pelatihan Asesmen dan Pendidikan,Skema Okupasi Instruktur (Level IV),Instructor (Level IV)
Pelatihan Asesmen dan Pendidikan,Skema Okupasi Instruktur Senior (Kualifikasi 5),Senior Instructor (Qualification 5)
Pelatihan Asesmen dan Pendidikan,Skema Okupasi Instruktur Madya,Middle Instructor
Pelatihan Asesmen dan Pendidikan,Skema Okupasi Instruktur Master,Master Instructor
Pelatihan Asesmen dan Pendidikan,Skema Okupasi Asesor Kompetensi,Competency Assessor
Pelatihan Asesmen dan Pendidikan,Skema Okupasi Master Asesor Kompetensi,Master Competency Assessor
Pelatihan Asesmen dan Pendidikan,Skema Okupasi Guru Bahasa Inggris,English Teacher
Pelatihan Asesmen dan Pendidikan,Skema Okupasi Laboran,Laboratory Assistant (Qualification II)
Industri Kreatif dan Komunikasi,Skema KKNI Level II Animasi,KKNI L2 Animation
Industri Kreatif dan Komunikasi,Skema KKNI Level II Desain Komunikasi Visual,KKNI L2 Visual Communication Design
Industri Kreatif dan Komunikasi,Skema KKNI Level II Multimedia,KKNI L2 Multimedia
Industri Kreatif dan Komunikasi,Skema KKNI Level III Produksi Film dan Program Televisi,KKNI L3 Film & TV Program Production
Industri Kreatif dan Komunikasi,Skema KKNI Level III Desain Fesyen,KKNI L3 Fashion Design
Industri Kreatif dan Komunikasi,Skema KKNI Level II Kriya Kreatif Batik dan Tekstil,KKNI L2 Batik & Textile Creative Craft
Industri Kreatif dan Komunikasi,Skema Okupasi Pengarah Seni Junior (Junior Art Director),Junior Art Director
Industri Kreatif dan Komunikasi,Skema Okupasi Desainer Motif Batik,Batik Pattern Designer
Industri Kreatif dan Komunikasi,Skema Okupasi Fotografer Studio,Studio Photographer
Industri Kreatif dan Komunikasi,Skema Okupasi Content Creator,Content Creator
Industri Kreatif dan Komunikasi,Skema Okupasi Creative Director / Chief Creative Officer,Creative Director / Chief Creative Officer
Industri Kreatif dan Komunikasi,Skema Okupasi Art Director,Art Director
Lintas Sektor,Skema Okupasi Tenaga Pemasar Operasional Area Merek,Brand Area Operational Marketing Officer
Lintas Sektor,Skema Okupasi Tenaga Pemasar Operasional Area Layanan,Service Area Operational Marketing Officer
Lintas Sektor,Skema Okupasi Penyusun Dokumen HACCP,HACCP Document Drafter
Lintas Sektor,Skema Okupasi Melindungi Warisan Budaya Takbenda (WBTb) Melalui Pencatatan,Intangible Cultural Heritage Protection via Documentation
Lintas Sektor,Skema Okupasi Cleaning Service / Klining Servis,Cleaning Service
Lintas Sektor,Skema Okupasi Teknisi Akuntansi Pratama,Junior Accounting Technician
Lintas Sektor,Skema Okupasi Teknisi Akuntansi Muda,Middle Accounting Technician
Lintas Sektor,Skema Okupasi Teknisi Akuntansi Madya,Senior Accounting Technician
Lintas Sektor,Skema Okupasi Teknisi Akuntansi Ahli,Expert Accounting Technician
