skill,kkni_level,n_jobs,share
abstract the complexity of the data layer,,0,0.0
accomplish critical missions and objectives,,0,0.0
accomplish sustainable vision,6.0,1,1.0
achieve transformational healthcare improvement,6.0,1,1.0
act as a bridge between teams,,0,0.0
act as a strategic advisor,,0,0.0
act as expert for system admins and engineers,6.0,1,1.0
act as lead,5.0,1,1.0
act fearlessly,6.0,1,1.0
act independently,6.0,1,1.0
act with intention,,0,0.0
adapt approach to activities and customers,,0,0.0
adapt inform/awareness materials to customer needs,5.0,1,1.0
adapt inform/awareness materials to local language,5.0,1,1.0
adapt makeup style to different customers,,0,0.0
adapt quickly when priorities change,,0,0.0
adapt to a varying work schedule due to events,2.0,1,1.0
adapt to change,6.0,1,1.0
adapt to pace of change,5.0,1,1.0
address issues related to outstanding payments,,0,0.0
address labor shortages,6.0,1,1.0
address rising costs,6.0,1,1.0
address routine office issues,2.0,1,1.0
adhere to industry standards,6.0,1,1.0
"adhere to policy, procedures and controls",6.0,1,1.0
adhere to protocols,6.0,1,1.0
adhere to safety standards,6.0,1,1.0
adjust and be flexible to change,,0,0.0
administer accounting procedures,,0,0.0
administer candidate profiles,2.0,1,1.0
administer general office procedures,,0,0.0
administer program procedures,,0,0.0
adopt and test new features early on,,0,0.0
advance career in B2B software sales,,0,0.0
advance careers,,0,0.0
"advance lexical, vector, and hybrid retrieval systems",8.0,1,1.0
advance performance analysis and tuning for GPUs,9.0,1,1.0
advise on technology support,,0,0.0
align IT processes and procedures,2.0,1,1.0
align resources to outcomes,6.0,1,1.0
align stakeholders,,0,0.0
allocate space and power,2.0,1,1.0
allow developers to monitor databases,,0,0.0
allow developers to scale databases,,0,0.0
allow developers to spin up databases,,0,0.0
analyse complex datasets,6.0,1,1.0
analyse workflows,,0,0.0
analyze and debug web applications,6.0,1,1.0
analyze business and technical requirements,6.0,1,1.0
analyze business challenges,6.0,1,1.0
analyze business data,8.0,1,1.0
analyze business processes,,0,0.0
analyze clinical documents,,0,0.0
analyze data,,0,0.0
analyze frameworks,6.0,1,1.0
analyze iOS apps,6.0,1,1.0
analyze monthly financial results,6.0,1,1.0
analyze pharmacy operations data,8.0,1,1.0
analyze potential impact on recovery capabilities,2.0,1,1.0
analyze requirements,,0,0.0
analyze software for defects,2.0,1,1.0
analyze solution options,6.0,1,1.0
analyze systems,6.0,1,1.0
analyze user generated content,,0,0.0
answer and route incoming calls and emails,2.0,1,1.0
apply AI to asset-intensive environments,6.0,1,1.0
apply AI to tackle challenges,9.0,1,1.0
apply DevOps practices,,0,0.0
apply Security Technical Implementation Guides (STIGs),6.0,1,1.0
apply advanced statistical methods,8.0,1,1.0
apply agent-based architectures to asset-intensive environments,6.0,1,1.0
"apply basic principles, theories, and concepts",6.0,1,1.0
apply best practices for indexing,,0,0.0
apply best practices for schema design,,0,0.0
apply best practices for security configurations,,0,0.0
apply construction regulations,,0,0.0
apply core skills across deployment platforms,,0,0.0
apply customer configurations,6.0,1,1.0
apply expert insights to customer problems,5.0,1,1.0
apply for roles,,0,0.0
apply knowledge of compute programming models and compute architecture,9.0,1,1.0
apply machine learning to asset-intensive environments,6.0,1,1.0
apply makeup,,0,0.0
apply methodical approach,,0,0.0
apply qualitative and quantitative data to inform decisions,,0,0.0
apply residential construction practices,,0,0.0
apply skills beyond formal role boundaries,6.0,1,1.0
apply temporal smoothing,8.0,1,1.0
apply theoretical knowledge,6.0,1,1.0
approach problems creatively and collaboratively,6.0,1,1.0
architect AI factories,,0,0.0
architect APIs and orchestration layers,6.0,1,1.0
architect a modern data platform,,0,0.0
"architect and build polished, cross-platform mobile experiences",,0,0.0
architect high-performance mobile applications,,0,0.0
articulate a compelling case for a technology,,0,0.0
articulate a compelling case for an architectural approach,,0,0.0
assess candidates on specific deal mechanics,,0,0.0
assess user projects,6.0,1,1.0
assist customers in expanding SAP footprint,3.0,1,1.0
assist in building a design system,6.0,1,1.0
assist in development and maintenance of efficient systems,8.0,1,1.0
assist in preparation of capital appropriation requests,6.0,1,1.0
assist in preparation of forecasts,6.0,1,1.0
assist in preparation of operations reviews,6.0,1,1.0
assist in preparation of profit plans,6.0,1,1.0
assist students with audio hardware questions,2.0,1,1.0
assist students with audio software questions,2.0,1,1.0
assist with REB applications,,0,0.0
assist with budget preparation,2.0,1,1.0
assist with creation of local inform/awareness materials,5.0,1,1.0
assist with deployments,,0,0.0
assist with employee workspace setup,2.0,1,1.0
assist with grant applications,,0,0.0
assist with office coordination,2.0,1,1.0
assist with planning office-wide processes,2.0,1,1.0
assist with running vulnerability scans,6.0,1,1.0
assist with scheduling vulnerability scans,6.0,1,1.0
attend seminars,,0,0.0
attend trainings,,0,0.0
attend walk-through meetings,2.0,1,1.0
attract skilled professionals,,0,0.0
audit a candidate’s sales acumen,,0,0.0
audit data analysis,,0,0.0
audit geometallurgical block models,,0,0.0
audit resource block models,,0,0.0
augment core development workflows,,0,0.0
automate and streamline the entire software delivery lifecycle,,0,0.0
automate core development workflows,,0,0.0
automate infrastructure,,0,0.0
automate processes,6.0,1,1.0
automate tasks,,0,0.0
automate workflows,6.0,1,1.0
back suggestions with analysis,5.0,1,1.0
balance business goals with user trust,,0,0.0
"balance commercial performance, thoughtful design, and community impact",,0,0.0
balance front desk responsibilities with office support,2.0,1,1.0
balance multiple deadlines,6.0,1,1.0
be enthusiastic,,0,0.0
be flexible in approach,,0,0.0
be highly motivated,,0,0.0
be mindful of reliability,,0,0.0
be mindful of scalability,,0,0.0
be proactive,,0,0.0
be reliable,,0,0.0
be responsible for automation,,0,0.0
be responsible for observability,,0,0.0
become an expert in JavaScript tooling,,0,0.0
"blend creativity, curiosity, and user centered thinking",,0,0.0
blend machine learning with design,,0,0.0
bridge business and technology,,0,0.0
"bridge data science, engineering, and product domains",8.0,1,1.0
bridge the gap between technology and business,,0,0.0
bring a product mindset to platform engineering,,0,0.0
bring clarity through creative thinking,6.0,1,1.0
bring clarity through structured thinking,6.0,1,1.0
bring thoughtful product experiences to life,,0,0.0
bring up hardware,6.0,1,1.0
bring user insights into every stage of design,,0,0.0
broaden perspectives,6.0,1,1.0
build AI and robotics products,6.0,1,1.0
build ML pipelines,6.0,1,1.0
build Power BI reports,2.0,1,1.0
build QA platform,6.0,1,1.0
build SaaS ecommerce platform,6.0,1,1.0
build a high-performing team,,0,0.0
build a solid financial data foundation,6.0,1,1.0
build a supportive environment,6.0,1,1.0
build advanced artificial intelligence solutions,6.0,1,1.0
build and enhance a modern data catalog and lineage platform,,0,0.0
build and maintain effective working relationships,8.0,1,1.0
"build and maintain tools, pipelines, and processes",,0,0.0
build and nurture a pipeline of talent,,0,0.0
build automation pipelines,,0,0.0
build autonomous marine systems,,0,0.0
build career in technical management,8.0,1,1.0
build cloud infrastructure,,0,0.0
build competency,,0,0.0
build complex software,,0,0.0
build consumer products,,0,0.0
build creative features,6.0,1,1.0
build customized reporting tools,5.0,1,1.0
build dashboards,5.0,1,1.0
build data pipelines,5.0,1,1.0
build data stores,,0,0.0
build deployment pipelines,,0,0.0
build developer experience,,0,0.0
build distributed systems,,0,0.0
build enterprise data capability,,0,0.0
build event-driven data platforms,,0,0.0
build experiences,6.0,1,1.0
build extensible systems,,0,0.0
build financial data models,5.0,1,1.0
build foundational infrastructure,6.0,1,1.0
build foundations,,0,0.0
build golden paths for developers,,0,0.0
build high-performance mobile applications,,0,0.0
build high-performance systems,,0,0.0
build innovative responses,,0,0.0
build intelligent systems,6.0,1,1.0
build interfaces,,0,0.0
build internally-used digital products,,0,0.0
build large-scale SaaS and cloud services,,0,0.0
build large-scale systems,6.0,1,1.0
build lasting emotional connections,,0,0.0
build monitoring systems,6.0,1,1.0
build network infrastructure,,0,0.0
build on existing foundational models,8.0,1,1.0
build production-grade platforms,,0,0.0
build products,,0,0.0
build retrieval and evaluation capabilities,8.0,1,1.0
build robust reconciliation/accounting systems,6.0,1,1.0
build scalable and resilient networks,,0,0.0
build scalable real-time data streaming platforms,,0,0.0
build scalable systems,,0,0.0
build service operations,,0,0.0
build solid relationships with team members,,0,0.0
build solutions for Business Data Quality (BDQ),,0,0.0
build solutions for Data Catalog & Lineage,,0,0.0
build solutions for Data Retention and Destruction,,0,0.0
build solutions for Entitlements,,0,0.0
build solutions for Technical Data Quality (TDQ),,0,0.0
build strong relationships,6.0,1,1.0
build strong teams,,0,0.0
build strong working relationships,6.0,1,1.0
build systems for B2B businesses,6.0,1,1.0
build systems that run smoothly,,0,0.0
build technology products,6.0,1,1.0
"build things reliably, efficiently and cost-effectively",5.0,1,1.0
build tools that aggregate and evaluate forecasts,8.0,1,1.0
build tools to enable developers,9.0,1,1.0
"build tools, dashboards and platform",6.0,1,1.0
build trust and impact,,0,0.0
build web applications,,0,0.0
build with speed and intensity,,0,0.0
build workflows,,0,0.0
business partner with teams,,0,0.0
capture video content,5.0,1,1.0
celebrate successes,,0,0.0
challenge and review designs,,0,0.0
challenge assumptions,,0,0.0
challenge constraints,6.0,1,1.0
challenge hiring managers,,0,0.0
champion a DevOps culture and practices,,0,0.0
champion for a healthier planet,6.0,1,1.0
champion information architecture best practices,,0,0.0
champion leading-edge methodologies,,0,0.0
champion world-class artistry,,0,0.0
check dimensions and finish,2.0,1,1.0
check final forms using gauges,2.0,1,1.0
clear exams,,0,0.0
coach team members,5.0,1,1.0
code proficiently,5.0,1,1.0
codify deep database expertise,,0,0.0
"collaborate closely with co-founders, Geologist and Lead Metallurgist",,0,0.0
collaborate closely with designers and strategists,,0,0.0
collaborate cross-functionally,5.0,1,1.0
collaborate deeply with data partners,,0,0.0
collaborate effectively across all levels,6.0,1,1.0
collaborate in a distributed team,5.0,1,1.0
collaborate in a fast-moving environment,,0,0.0
collaborate in a team environment,8.0,1,1.0
collaborate with Product Owners,,0,0.0
collaborate with UX researchers,,0,0.0
collaborate with a global team,6.0,1,1.0
collaborate with a multi-disciplinary team,6.0,1,1.0
collaborate with a team,,0,0.0
collaborate with backend teams,,0,0.0
collaborate with cross-functional teams,5.0,1,0.25
collaborate with cross-functional teams,6.0,1,0.25
collaborate with cross-functional teams,8.0,2,0.5
collaborate with design teams,,0,0.0
collaborate with distributed team,6.0,1,1.0
collaborate with diverse teams,,0,0.0
collaborate with engineering team on scaling,,0,0.0
"collaborate with engineers, product managers, designers, collaborators, partners",6.0,1,1.0
collaborate with internal teams,6.0,1,1.0
collaborate with interns,6.0,1,1.0
collaborate with others,,0,0.0
collaborate with product managers and engineers,6.0,1,1.0
collaborate with product teams,,0,0.0
collaborate with stakeholders,5.0,1,1.0
collaborate with team,6.0,4,0.8
collaborate with team,9.0,1,0.2
collaborate with team and offer feedback,,0,0.0
collaborate with teams,9.0,1,1.0
collect complex datasets,6.0,1,1.0
combine portfolio with partner technologies,6.0,1,1.0
combine strategic thinking with operational delivery,,0,0.0
commit to multiple courses,,0,0.0
communicate about applications,2.0,1,1.0
communicate clearly and effectively with guests,2.0,1,1.0
communicate clearly and effectively with management,2.0,1,1.0
communicate clearly and effectively with team members,2.0,1,1.0
communicate corrective actions to leadership,6.0,1,1.0
communicate effectively,2.0,1,0.3333
communicate effectively,8.0,1,0.3333
communicate effectively,9.0,1,0.3333
communicate ideas,6.0,1,1.0
communicate in English,,0,0.0
communicate results,2.0,1,1.0
communicate risk-based recommendations,6.0,1,1.0
communicate strongly,2.0,1,1.0
communicate with empathy,6.0,1,1.0
communicate with precision,6.0,1,1.0
communicate with technical leaders,6.0,1,1.0
complete projects with a team-first approach,,0,0.0
comply with health and safety measures,,0,0.0
conceptualize AI integration,,0,0.0
conduct customer discovery,,0,0.0
conduct deep-dive competency interviews,,0,0.0
conduct experiment analyses,,0,0.0
conduct technical peer reviews,,0,0.0
configure Intune compliance policies,,0,0.0
configure Intune configuration profiles,,0,0.0
configure Intune security baselines,,0,0.0
configure Jenkins,,0,0.0
configure Windows Update for Business via Intune,,0,0.0
configure industrial processes,6.0,1,1.0
connect building operations data,,0,0.0
connect financial systems,,0,0.0
connect property management systems,,0,0.0
connect tenant platforms,,0,0.0
construct platform and sub-systems,6.0,1,1.0
context switch across multiple projects,6.0,1,1.0
"continuously improve build tooling, developer workflows, and infrastructure",,0,0.0
continuously improve processes to support scalability,,0,0.0
continuously improve the developer experience,,0,0.0
contribute innovative solutions,6.0,1,1.0
contribute specialist expertise,6.0,1,1.0
contribute technical expertise to tool development,6.0,1,1.0
contribute to adoption activities,,0,0.0
contribute to automation initiatives,6.0,1,1.0
contribute to continuous improvement of internally built tools,,0,0.0
contribute to data validation,,0,0.0
contribute to design system,6.0,1,1.0
contribute to feature design,,0,0.0
contribute to frontend architecture,,0,0.0
contribute to integration testing,,0,0.0
contribute to pre-sales and bids,,0,0.0
contribute to process improvements,5.0,1,1.0
"contribute to real-time control, safety, autonomy and mission execution",,0,0.0
contribute to teamwork,2.0,1,1.0
contribute to testing,,0,0.0
"contribute to the development of RFCs, standards, and frameworks",,0,0.0
contribute to the growth and success of a consulting practice,,0,0.0
contribute to wider objectives,,0,0.0
convert inbound interest into pipeline,,0,0.0
coordinate badging at location,2.0,1,1.0
coordinate design and production effort,,0,0.0
coordinate junior staff,6.0,1,1.0
coordinate office activities,2.0,1,1.0
coordinate people-related projects,,0,0.0
coordinate program execution,6.0,1,1.0
coordinate projects,,0,0.0
coordinate releases,5.0,1,1.0
coordinate shipments and deliveries,2.0,1,1.0
coordinate support within a division,,0,0.0
coordinate tasks in a fast-paced setting,2.0,1,1.0
coordinate with asset management,2.0,1,1.0
coordinate with building management and vendors,2.0,1,1.0
coordinate with electricians,2.0,1,1.0
coordinate with internal teams and external stakeholders,2.0,1,1.0
coordinate with shippers,2.0,1,1.0
coordinate with suppliers,2.0,1,1.0
coordinate with teams,2.0,1,1.0
"craft a polished, dynamic mobile UI",,0,0.0
craft benchmarks,6.0,1,1.0
craft software,,0,0.0
craft the ultimate UX,6.0,1,1.0
craft tools,6.0,1,1.0
craft tools for compute developers,9.0,1,1.0
create CI/CD pipelines,,0,0.0
create Power BI dashboards,8.0,1,1.0
create SOPs,,0,0.0
create a polished office environment,2.0,1,1.0
create an inclusive environment,6.0,1,1.0
create application architecture,,0,0.0
create build jobs,,0,0.0
create business and revenue models,,0,0.0
create content,,0,0.0
create data processing capabilities,,0,0.0
create design documentation,2.0,1,1.0
create documentation,,0,0.0
"create fun, share-worthy moments of reflection",,0,0.0
create global offer launch preparation,6.0,1,1.0
"create high-performing, sustainable, and award-winning buildings",6.0,1,1.0
create industrial processes,6.0,1,1.0
create mechanical components,9.0,1,1.0
create operational documentation,,0,0.0
create out-of-the-box observability,,0,0.0
create paginated reports,8.0,1,1.0
create personalized experiences,5.0,1,1.0
create python code,,0,0.0
create robust data models,,0,0.0
create solutions,,0,0.0
create state management,,0,0.0
create strong delivery processes,8.0,1,1.0
create strong documentation,,0,0.0
create technical documentation,2.0,1,1.0
create tests,,0,0.0
create value for developers,,0,0.0
create visual reports,6.0,1,1.0
deal with complex escalated issues,6.0,1,1.0
debug hardware,6.0,1,1.0
debug software,9.0,1,1.0
debug systems,2.0,1,1.0
decide on correct procedures,2.0,1,1.0
decouple platform from games,,0,0.0
define architectural patterns,8.0,1,1.0
define dependency sequencing,8.0,1,1.0
define product vision,,0,0.0
define requirements,5.0,1,1.0
define service boundaries,8.0,1,1.0
define technology strategies,2.0,1,1.0
deliberately document for the future,,0,0.0
deliver AI-powered products,,0,0.0
deliver DevOps advisory,,0,0.0
deliver Streamlit app,6.0,1,1.0
deliver a course,6.0,1,1.0
deliver a first class service,8.0,1,1.0
deliver a frictionless buying experience,,0,0.0
deliver advanced full life cycle professional and technical solutions,,0,0.0
deliver change initiatives,,0,0.0
deliver client solution,,0,0.0
deliver complex CIS solutions,6.0,1,1.0
deliver complex development programmes,,0,0.0
deliver complex initiatives,,0,0.0
deliver complex projects,,0,0.0
deliver critical insights,5.0,1,1.0
deliver decision support,5.0,1,1.0
"deliver developments that meet commercial, technical, and design excellence",,0,0.0
deliver digital solutions,,0,0.0
deliver exceptional customer experience,,0,0.0
deliver for customers,,0,0.0
deliver functionality,,0,0.0
"deliver gains in reliability, efficiency and sustainability",,0,0.0
deliver growth outcomes,,0,0.0
deliver high-performance experiences,,0,0.0
deliver high-quality analytics,6.0,1,1.0
deliver high-quality work,6.0,1,1.0
deliver iOS apps,6.0,1,1.0
deliver impactful analytics,,0,0.0
deliver on production ownership,,0,0.0
deliver optimal software solutions,8.0,1,1.0
"deliver reliable, high-performance software",,0,0.0
deliver self-service registration and governance,,0,0.0
deliver solutions that balance user experience with developer experience,,0,0.0
deliver technologies and solutions,,0,0.0
deliver technology products,6.0,1,1.0
deliver user experience,2.0,1,1.0
deliver value,,0,0.0
deliver value to customers,,0,0.0
deliver value-added business analysis,6.0,1,1.0
democratize observability,,0,0.0
demonstrate clear written and oral communications,,0,0.0
demonstrate strong organisational skills,,0,0.0
demonstrate technical expertise,6.0,1,1.0
demonstrate the product to stakeholders,,0,0.0
demonstrate understanding of electronics principles,6.0,1,1.0
demonstrate understanding of manufacturing services processes,6.0,1,1.0
deploy Microsoft Intune,,0,0.0
deploy advanced algorithms,9.0,1,1.0
deploy application code,2.0,1,1.0
deploy code,6.0,1,1.0
deploy data solutions,6.0,1,1.0
deploy embedded systems,8.0,1,1.0
deploy high-performance data ingestion systems,6.0,1,1.0
deploy high-scale communication systems,,0,0.0
deploy multicast market data delivery platforms,,0,0.0
deploy network infrastructure,,0,0.0
deploy retrieval-enhanced LLMs and hybrid retrieval pipelines,8.0,1,1.0
"deploy, test, or troubleshoot autonomous systems in operational environments",,0,0.0
design AI/ML solutions,6.0,1,1.0
design a React Native architecture,,0,0.0
design advanced artificial intelligence solutions,6.0,1,1.0
design and develop internal platform capabilities,,0,0.0
design and lead projects,,0,0.0
design architecture,6.0,1,1.0
design audio systems,2.0,1,1.0
design automated metadata ingestion processes,,0,0.0
design code,6.0,1,1.0
design commercial projects,6.0,1,1.0
design complex CIS solutions,6.0,1,1.0
design components,,0,0.0
design content systems,6.0,1,1.0
design corporate production network,,0,0.0
design dashboards,,0,0.0
design data solutions,6.0,1,1.0
design data stores,,0,0.0
design distributed systems,,0,0.0
design elegantly,6.0,1,1.0
design end-to-end solutions,,0,0.0
design engineering,6.0,1,1.0
design enterprise-grade networks,,0,0.0
design experiences,,0,0.0
design export flows,,0,0.0
design high-rise residential,6.0,1,1.0
design impactful user experiences,6.0,1,1.0
design improvements,5.0,1,1.0
design infrastructure,5.0,1,1.0
design instrumentation and electrical facilities,6.0,1,1.0
design integration solutions,6.0,1,1.0
design internally-used digital products,,0,0.0
design large-scale SaaS and cloud services,,0,0.0
design lattice towers,,0,0.0
design layout,6.0,1,1.0
design learning experiences,6.0,1,1.0
design mechanisms,6.0,1,1.0
design mid-rise residential,6.0,1,1.0
design mixed-use projects,6.0,1,1.0
design moments that matter,,0,0.0
"design packaging components to operate reliably in harsh, high-throughput environments",,0,0.0
design products,,0,0.0
design projects,,0,0.0
design reports,,0,0.0
design residential projects,6.0,1,1.0
design robust evaluation frameworks,8.0,1,1.0
design scalable real-time data streaming platforms,,0,0.0
design schematics,6.0,1,1.0
design software,9.0,1,1.0
design software modules,,0,0.0
design solutions,,0,0.0
design systems,,0,0.0
design systems architecture,,0,0.0
design tools that support decision-making,,0,0.0
design transformative technology,6.0,1,1.0
design visualizations,,0,0.0
determine how technology can add value to a client’s mining operation,,0,0.0
determine proper power settings,2.0,1,1.0
develop AI/ML solutions,6.0,1,1.0
develop Business Intelligence solutions,8.0,1,1.0
develop Java applications,,0,0.0
develop Power Platform applications,2.0,1,1.0
develop a data transformation platform,6.0,1,1.0
develop and configure message transformations,6.0,1,1.0
develop and configure routing logic,6.0,1,1.0
develop and configure services,6.0,1,1.0
develop and maintain CLI tools and packages,,0,0.0
develop and maintain data models,,0,0.0
develop and maintain metadata schemas,,0,0.0
develop and maintain taxonomies,,0,0.0
develop and operate Autonomous Underwater Vehicles (AUVs) and Autonomous Surface Vehicles (USVs),,0,0.0
develop and operate across regions,,0,0.0
develop and operate foundational JavaScript build systems,,0,0.0
develop application code,2.0,1,1.0
develop automation frameworks,6.0,1,1.0
develop backend server,6.0,1,1.0
develop best practices,6.0,1,1.0
develop creatures,,0,0.0
develop critical site functionality,8.0,1,1.0
develop critical thinking skills,6.0,1,1.0
develop dashboards for operations troubleshooting,6.0,1,1.0
develop data analyses,,0,0.0
develop data ingestion pipelines,,0,0.0
develop data models,2.0,1,1.0
develop data solutions,6.0,1,1.0
develop embedded software tools,6.0,1,1.0
develop end-to-end real-time solutions,,0,0.0
develop enhancements to software systems,8.0,1,1.0
develop hardware systems,6.0,1,1.0
develop high-performance data ingestion systems,6.0,1,1.0
develop high-quality data architecture solutions,,0,0.0
develop infrastructure foundation,5.0,1,1.0
develop infrastructure solutions,,0,0.0
develop integration solutions,6.0,1,1.0
develop interfaces between clinical and enterprise systems,,0,0.0
"develop internal tooling, modules, and libraries",,0,0.0
develop knowledge and experience,6.0,1,1.0
develop learning experiences,6.0,1,1.0
"develop low-level Linux boot, BIOS, firmware and embedded software",5.0,1,1.0
develop mathematical models,9.0,1,1.0
develop methods and frameworks,,0,0.0
develop modernization plans,8.0,1,1.0
develop new architectures,6.0,1,1.0
develop new business opportunities,,0,0.0
develop performance,6.0,1,1.0
develop performance analysis capability,9.0,1,1.0
develop process models,2.0,1,1.0
develop product growth,,0,0.0
develop product roadmaps,,0,0.0
develop production-quality code,5.0,1,1.0
develop relationships,,0,0.0
develop reliability,6.0,1,1.0
develop robust pipelines,6.0,1,1.0
develop scalability,6.0,1,1.0
develop scalable distributed systems,6.0,1,1.0
develop scalable software,6.0,1,1.0
develop skills,,0,0.0
develop software,6.0,1,1.0
develop software modules,,0,0.0
develop solutions,6.0,1,1.0
develop technologies,6.0,1,1.0
develop test plans and procedures,6.0,1,1.0
develop tools,6.0,2,1.0
develop working web applications,6.0,1,1.0
diagnose technical issues,6.0,1,1.0
dig into deal mechanics,,0,0.0
direct projects,,0,0.0
disrupt the market,6.0,1,1.0
dive into API design,,0,0.0
dive into back-end logic,,0,0.0
dive into details,6.0,1,1.0
dive into platform-specific native code,,0,0.0
document manufacturing processes,6.0,1,1.0
draft architectural plans,,0,0.0
drive a rigorous interview process,,0,0.0
drive adoption and compliance with information security and privacy practices,6.0,1,1.0
drive adoption of initiatives,,0,0.0
drive business decisions,,0,0.0
drive cross-functional teams,6.0,1,1.0
drive delivery of AI/ML models,8.0,1,1.0
drive delivery of functionality,8.0,1,1.0
drive delivery of maintenance work pieces,8.0,1,1.0
drive delivery of new features,8.0,1,1.0
drive design of AI/ML models,8.0,1,1.0
drive design of hardware products,6.0,1,1.0
drive development of hardware products,6.0,1,1.0
drive environmental ESG strategy,6.0,1,1.0
drive forward mission,,0,0.0
drive growth,,0,0.0
drive high-impact projects,6.0,1,1.0
drive higher conversion,,0,0.0
drive impactful financial insights,5.0,1,1.0
drive industrial components offer,6.0,1,1.0
drive innovation,6.0,2,0.6667
drive innovation,8.0,1,0.3333
drive iteration of hardware products,6.0,1,1.0
drive lasting growth,,0,0.0
drive positive impact,6.0,1,1.0
drive proactive maintenance,5.0,1,1.0
drive product from conception to rollout,8.0,1,1.0
drive progress and efficiency,8.0,1,1.0
drive progress toward better maintainability,,0,0.0
drive strategic growth,6.0,1,1.0
drive success of developer experience program,,0,0.0
drive successful delivery of a portfolio of developments,,0,0.0
drive the automation and optimization of operations,,0,0.0
drive user acquisition,,0,0.0
drive user activation,,0,0.0
drive user monetization,,0,0.0
drive user retention,,0,0.0
edit video content,5.0,1,1.0
elevate conversations,6.0,1,1.0
eliminate manual tasks,5.0,1,1.0
embed AI capabilities,,0,0.0
embed expertise into product development,6.0,1,1.0
embed governance,,0,0.0
embed knowledge into code,,0,0.0
embed modern DevOps practices,,0,0.0
embrace diverse backgrounds,6.0,1,1.0
empower engineers,5.0,1,1.0
empower non-technical teams,,0,0.0
"enable adoption, acceleration, and innovation",,0,0.0
enable and multiply force,,0,0.0
enable enterprise adoption of technologies,5.0,1,1.0
enable internal developers to ship features quickly and safely,,0,0.0
enable meaningful work,,0,0.0
enable technology,2.0,1,1.0
engage in active learning,6.0,1,1.0
engage in confidential conversations,,0,0.0
engage stakeholders,,0,0.0
engage technical teams and business stakeholders,,0,0.0
engage with stakeholders,,0,0.0
enhance Power Platform applications,2.0,1,1.0
enhance internally-used digital products,,0,0.0
enhance large-scale systems,6.0,1,1.0
enhance logistics and integrated value,6.0,1,1.0
enhance performance of data solutions,5.0,1,1.0
enhance platform performance,6.0,1,1.0
enhance platform scalability,6.0,1,1.0
enhance reliability of data solutions,5.0,1,1.0
enhance technology products,6.0,1,1.0
ensure SLAs are met,5.0,1,1.0
ensure Stratum’s goals are aligned,,0,0.0
ensure access to products through sales channel mix,5.0,1,1.0
ensure accurate documentation,,0,0.0
ensure accurate records,6.0,1,1.0
ensure alignment with product vision,6.0,1,1.0
ensure alignment with user experience,6.0,1,1.0
ensure best practices are baked in by default,,0,0.0
ensure cameras operate flawlessly,,0,0.0
ensure cohesive delivery across the team,6.0,1,1.0
ensure compliance with quality standards,6.0,1,1.0
ensure compliance with statutes,6.0,1,1.0
ensure confidentiality of sensitive information,2.0,1,1.0
ensure consistent delivery of high-quality retirement communities,,0,0.0
ensure critical business activities are achieved,,0,0.0
ensure cultural responsiveness,6.0,1,1.0
ensure data integrity,,0,0.0
"ensure developments are commercially viable, technically robust, and aligned with customer proposition",,0,0.0
ensure effective project delivery,5.0,1,1.0
ensure high-performance communications,6.0,1,1.0
ensure high-quality delivery through functional design,,0,0.0
ensure high-quality delivery through systematic testing,,0,0.0
ensure high-quality project delivery,6.0,1,1.0
"ensure high-quality, scalable solutions",,0,0.0
ensure integrity of financial information,6.0,1,1.0
ensure issue resolution,5.0,1,1.0
ensure lighting operates flawlessly,,0,0.0
ensure microphones operate flawlessly,,0,0.0
ensure mission success,,0,0.0
ensure network fabrics and devices operate as expected,,0,0.0
ensure on-time delivery,8.0,1,1.0
ensure optimal customer experience,5.0,1,1.0
ensure optimal inventory levels,5.0,1,1.0
ensure optimal performance,6.0,1,1.0
ensure pedagogical soundness,6.0,1,1.0
ensure planning function excellence,,0,0.0
ensure platforms are production ready,5.0,1,1.0
"ensure portfolio progresses in accordance with programme, investment strategy, and quality standards",,0,0.0
ensure privacy compliance,,0,0.0
ensure process readiness,6.0,1,1.0
ensure production software operates flawlessly,,0,0.0
ensure products are reliable and safe,6.0,1,1.0
ensure products meet customer specifications,6.0,1,1.0
ensure products meet standards,6.0,1,1.0
"ensure projects are delivered safely, efficiently, and in line with commercial objectives",,0,0.0
ensure quality and regulatory compliance,,0,0.0
ensure quality control,,0,0.0
ensure regulatory compliance,6.0,1,1.0
ensure reliable communications,6.0,1,1.0
ensure reliable integration architecture,6.0,1,1.0
ensure safety is baked in by default,,0,0.0
ensure scalable integration architecture,6.0,1,1.0
ensure seamless building,,0,0.0
ensure seamless deployment,,0,0.0
ensure seamless execution of live performances,2.0,1,1.0
ensure seamless integration,,0,0.0
ensure seamless testing,,0,0.0
ensure secure integration architecture,6.0,1,1.0
ensure security is baked in by default,,0,0.0
ensure smooth running of department,2.0,1,1.0
"ensure strong performance, collaboration, and accountability",,0,0.0
ensure successful adoption of platforms,,0,0.0
ensure superior sound quality,2.0,1,1.0
ensure system stability,,0,0.0
ensure system success,6.0,1,1.0
ensure the EPR solution complies with safety and governance requirements,,0,0.0
ensure the EPR solution meets user needs,,0,0.0
ensure user adoption,,0,0.0
escalate issues,2.0,1,1.0
establish and implement security solutions,6.0,1,1.0
establish automated mobile CI/CD pipelines,,0,0.0
establish key financial targets,6.0,1,1.0
evaluate Stratum models,,0,0.0
evaluate clients existing Kriging models,,0,0.0
evaluate competitive bids,6.0,1,1.0
evaluate eligibility for positions,2.0,1,1.0
evaluate proposed software changes,,0,0.0
evaluate vendor capabilities,5.0,1,1.0
evolve data center design,,0,0.0
evolve interfaces,,0,0.0
evolve patterns and components,,0,0.0
exceed expectations,,0,0.0
exceed sales expectations,,0,0.0
execute a plan for net zero emissions,6.0,1,1.0
execute administrative HR functions,,0,0.0
execute business strategy,6.0,1,1.0
execute design and production effort,,0,0.0
execute engineering activities,6.0,1,1.0
execute engineering tasks,6.0,1,1.0
execute go-to-market,,0,0.0
execute ideas,6.0,1,1.0
execute inform/awareness activities,5.0,1,1.0
execute on opportunities,,0,0.0
execute onboarding functions,,0,0.0
execute recruitment functions,,0,0.0
execute standard engineering projects,6.0,1,1.0
execute strategies,,0,0.0
execute targeted headhunting campaigns,,0,0.0
execute test plans and procedures,6.0,1,1.0
expand sales operations,,0,0.0
experience energy projects,6.0,1,1.0
experience structural engineering,6.0,1,1.0
explain mobile-specific constraints to designers,,0,0.0
explain solutions and products,5.0,1,1.0
explain strategic goals to other engineers,,0,0.0
explore diverse interests,6.0,1,1.0
explore what's possible on mobile,,0,0.0
extend skills beyond formal role boundaries,6.0,1,1.0
facilitate Agile ceremonies,2.0,1,1.0
facilitate annual planning cycle,,0,0.0
facilitate backlog grooming,2.0,1,1.0
facilitate communication,6.0,1,1.0
facilitate positive relationships,,0,0.0
filter out individuals who may misrepresent themselves,6.0,1,1.0
filter out sellers by digging into their process,,0,0.0
fix technical issues,6.0,1,1.0
focus on advanced modelling,8.0,1,1.0
focus on applied research,8.0,1,1.0
focus on automation,5.0,1,1.0
"focus on automation, resiliency, availability, scalability, and performance",,0,0.0
focus on cross-functional collaboration,,0,0.0
focus on customers,,0,0.0
focus on instrumentation,5.0,1,1.0
focus on lifecycle ownership,,0,0.0
focus on operational readiness,5.0,1,1.0
focus on process automation,,0,0.0
focus on process reengineering,,0,0.0
focus on production delivery,8.0,1,1.0
focus on scalability,5.0,1,1.0
focus on security,5.0,1,1.0
focus on stability,5.0,1,1.0
focus on user-centric design,,0,0.0
follow company grooming standards,,0,0.0
follow established best practices and design patterns,,0,0.0
follow through on tasks,2.0,1,1.0
formulate important insights,6.0,1,1.0
foster a culture of accountability,,0,0.0
foster a culture of continuous improvement,,0,0.0
foster a culture of customer success,,0,0.0
foster inclusion,6.0,1,1.0
gain hands-on industrial experience,,0,0.0
gather data on improvement performance,6.0,1,1.0
gather requirements,,0,0.0
generate growth,,0,0.0
generate insights,,0,0.0
go above and beyond to help customers,,0,0.0
govern processes,6.0,1,1.0
govern projects,,0,0.0
grow a team,,0,0.0
grow collection,,0,0.0
grow professionally,6.0,1,1.0
grow relationships with clients,8.0,1,1.0
grow the team and platform,6.0,1,1.0
guide a team of developers,,0,0.0
"guide a team through designing and implementing websites, applications and mobile apps",6.0,1,1.0
guide customers,,0,0.0
guide engineers,,0,0.0
guide other team members,6.0,1,1.0
guide platform evolution,8.0,1,1.0
handle acoustic tracking,8.0,1,1.0
handle and manage confidential information,8.0,1,1.0
handle complex buyers,6.0,1,1.0
handle complex issues,5.0,1,1.0
handle complex pricing,6.0,1,1.0
handle complex workflows,6.0,1,1.0
handle complexity for developers,,0,0.0
handle customer requests,,0,0.0
handle multi-source data,8.0,1,1.0
handle scale,6.0,1,1.0
help advisors transform operations,6.0,1,1.0
help customers build homes,,0,0.0
help customers consume products,,0,0.0
help customers modernize,,0,0.0
help define data product taxonomies and ownership,,0,0.0
help identify opportunities for automation,6.0,1,1.0
help organisations make informed business decisions,6.0,1,1.0
help shape future direction,,0,0.0
help shape future infrastructure,,0,0.0
help to embed Modern Methods of Construction (MMC),,0,0.0
hire skilled professionals,,0,0.0
identify areas for development,,0,0.0
identify areas for improvement,,0,0.0
identify basic configuration issues,6.0,1,1.0
identify content,,0,0.0
identify corrective actions,6.0,1,1.0
identify defect trends,5.0,1,1.0
identify defects during the testing process,6.0,1,1.0
identify false positives,6.0,1,1.0
identify hardening requirements,6.0,1,1.0
identify improvement opportunities,,0,0.0
identify issues related to outstanding payments,,0,0.0
identify new business opportunities,,0,0.0
identify opportunities,,0,0.0
identify potential CAT I/II/III findings,6.0,1,1.0
identify sales opportunities,3.0,1,1.0
implement CI/CD for data pipelines,,0,0.0
implement SCCM Intune co-management,,0,0.0
implement Windows Autopilot,,0,0.0
implement agentic AI technologies,,0,0.0
implement changes,6.0,1,1.0
implement consistency improvements,6.0,1,1.0
implement corporate production network,,0,0.0
implement critical data architecture solutions,,0,0.0
implement customizations,,0,0.0
implement data aggregation,,0,0.0
implement data collection,,0,0.0
implement data display,,0,0.0
implement data exploitation,,0,0.0
implement data fusion,,0,0.0
implement data interfacing,,0,0.0
implement effective caching strategies,,0,0.0
implement enterprise-grade networks,,0,0.0
implement generative AI technologies,,0,0.0
implement improvements,5.0,1,1.0
implement mathematical models,9.0,1,1.0
implement monitoring,6.0,1,1.0
implement new projects,,0,0.0
implement process improvements,6.0,1,1.0
implement robust alerting,6.0,1,1.0
implement robust monitoring,6.0,1,1.0
implement robust observability,6.0,1,1.0
implement solutions,5.0,1,1.0
implement systems,,0,0.0
improve Ubuntu,2.0,1,1.0
improve components,,0,0.0
improve developer workflows,,0,0.0
improve network programmability,6.0,1,1.0
improve operational readiness,,0,0.0
improve pneumatic ejection performance,,0,0.0
improve product outcomes,,0,0.0
improve stability,6.0,1,1.0
improve user experience,,0,0.0
increase deployment consistency,5.0,1,1.0
influence company strategy,,0,0.0
influence decision-making,,0,0.0
influence high-level strategies,5.0,1,1.0
influence product development,6.0,1,1.0
influence technical direction,,0,0.0
inform campaign decisions,,0,0.0
inform marketing strategies,,0,0.0
inform product decisions,,0,0.0
innovate,6.0,1,1.0
innovate AI-enabled workflows,,0,0.0
innovate CI/CD pipelines,,0,0.0
innovate developer environments,,0,0.0
innovate developer tooling,,0,0.0
innovate new solutions,6.0,1,1.0
innovate next big features in tools,9.0,1,1.0
innovate solutions,6.0,1,1.0
innovate value,,0,0.0
input data,,0,0.0
install audio systems,2.0,1,1.0
install plugins,,0,0.0
integrate AI,,0,0.0
integrate AI across ecosystems,,0,0.0
integrate DevOps methodologies into development and deployment workflows,,0,0.0
integrate Intune with other services,,0,0.0
integrate actuators,6.0,1,1.0
integrate content,,0,0.0
integrate hardware systems,6.0,1,1.0
"integrate health, safety and environmental considerations into work",6.0,1,1.0
integrate mathematical research,9.0,1,1.0
integrate sensors,6.0,1,1.0
integrate the catalog with various data services,,0,0.0
integrate valves,6.0,1,1.0
integrate with APIs,,0,0.0
integrate with REST/GraphQL APIs,,0,0.0
integrate with other tools,,0,0.0
integrate with source control systems,,0,0.0
interact with managed service providers,5.0,1,1.0
interact with other teams,9.0,1,1.0
interact with vendors,5.0,1,1.0
interface with business continuity plan management,2.0,1,1.0
interface with cross-functional teams,2.0,1,1.0
interface with customers,2.0,1,1.0
interpret complex datasets,6.0,1,1.0
interpret design and production effort,,0,0.0
interpret technical vulnerability data,6.0,1,1.0
isolate technical issues,6.0,1,1.0
lead ServiceNow programme delivery,,0,0.0
lead Severe Storm planning,2.0,1,1.0
lead VXLAN deployments,,0,0.0
lead a group of applied scientists,8.0,1,1.0
lead a stream of work,,0,0.0
lead a team,6.0,2,1.0
lead complex technical initiatives,,0,0.0
lead data scientists,8.0,1,1.0
lead design and delivery of integration architectures,,0,0.0
lead design efforts,6.0,1,1.0
lead design of cloud-based platforms,,0,0.0
lead development team,,0,0.0
lead engineering teams,8.0,1,1.0
lead enterprise automation initiatives,5.0,1,1.0
lead evolution of cloud-based platforms,,0,0.0
lead financial modeling,,0,0.0
lead forecasting,,0,0.0
lead forecasting efforts,8.0,1,1.0
lead implementation of cloud-based platforms,,0,0.0
lead implementation of integration projects,6.0,1,1.0
lead initiatives,6.0,1,1.0
lead investigations,6.0,1,1.0
lead large features from idea to launch,6.0,1,1.0
lead mechanical design,6.0,1,1.0
lead multidisciplinary teams and external partners,,0,0.0
lead performance analysis,,0,0.0
lead planning capability,,0,0.0
lead problem resolution efforts,2.0,1,1.0
lead product development,,0,0.0
lead product engineering efforts,6.0,1,1.0
lead project meetings,2.0,1,1.0
lead project work streams,,0,0.0
lead projects,,0,0.0
lead regional development function,,0,0.0
lead research,9.0,1,1.0
lead solution architecture,2.0,1,1.0
lead solution design,,0,0.0
lead solution-architecture initiatives,3.0,1,1.0
lead teams,8.0,1,1.0
lead teams committed to customer impact,8.0,1,1.0
lead teams committed to quality,8.0,1,1.0
lead teams committed to velocity,8.0,1,1.0
lead technical investigations,6.0,1,1.0
lead the join experience,,0,0.0
lead with empathy,,0,0.0
learn customer language and industries,5.0,1,1.0
learn from each other,6.0,1,1.0
learn how to deploy and secure systems,,0,0.0
learn more about company operations,6.0,1,1.0
learn new skills,,0,0.0
learn new technologies,,0,0.0
learn plant design,,0,0.0
learn skills beyond formal role boundaries,6.0,1,1.0
leverage Azure data platforms,8.0,1,1.0
"leverage Java to deliver reliable, scalable solutions",,0,0.0
"leverage JavaScript to deliver reliable, scalable solutions",,0,0.0
leverage MS Purview,8.0,1,1.0
leverage Python for solutions,6.0,1,1.0
leverage SQL for solutions,6.0,1,1.0
leverage collective knowledge of sustainable spaces,6.0,1,1.0
leverage data to showcase transformational value,,0,0.0
"leverage modern frameworks to deliver reliable, scalable solutions",,0,0.0
leveraging AI to generate insights,8.0,1,1.0
liaise with Business Development team,,0,0.0
liaise with allied health care team members,,0,0.0
liaise with clinic team members,,0,0.0
liaise with learners,,0,0.0
liaise with research staff,,0,0.0
license content,,0,0.0
look after network and tools,,0,0.0
maintain 24x7x365 network infrastructure,,0,0.0
maintain AV equipment,5.0,1,1.0
maintain Business Intelligence solutions,8.0,1,1.0
maintain HR software,,0,0.0
maintain ML pipelines,6.0,1,1.0
maintain Operations and Data Center checklists,2.0,1,1.0
maintain activity tracking databases,,0,0.0
maintain additional rack power,2.0,1,1.0
maintain and enhance existing platforms,,0,0.0
maintain and operate procedures,8.0,1,1.0
maintain appearance of shared spaces,2.0,1,1.0
maintain automated test scripts,6.0,1,1.0
maintain consistency across product ecosystem,,0,0.0
maintain cybersecurity compliances,,0,0.0
maintain cybersecurity standards,,0,0.0
maintain data models,2.0,1,1.0
maintain documentation,6.0,1,1.0
maintain equipment,6.0,1,1.0
maintain exceptional attention to detail,6.0,1,1.0
maintain flexibility in scheduling,2.0,1,1.0
maintain high attention to detail,,0,0.0
maintain hybrid cloud environment,5.0,1,1.0
maintain infrastructure foundation,5.0,1,1.0
maintain interfaces between clinical and enterprise systems,,0,0.0
maintain internal management platform,,0,0.0
maintain inventory levels in supply chain,5.0,1,1.0
maintain leading class security practices,6.0,1,1.0
maintain or write plugins for tools,,0,0.0
maintain performance,6.0,1,1.0
maintain process models,2.0,1,1.0
maintain production efficiency,6.0,1,1.0
maintain professional boundaries,8.0,1,1.0
maintain readiness,5.0,1,1.0
maintain records,2.0,1,1.0
maintain reliability,6.0,1,1.0
maintain scalability,6.0,1,1.0
make a positive impact,,0,0.0
make an impact at every level of society,6.0,1,1.0
make an impact that matters,,0,0.0
make automated network changes,6.0,1,1.0
make database management effortless,,0,0.0
"make digital products more intuitive, easy to use, and aesthetically pleasing",6.0,1,1.0
make meaningful contributions,6.0,1,1.0
make minor adjustments to process,2.0,1,1.0
make observability effortless,,0,0.0
"make practical, real-world decisions",6.0,1,1.0
manage ServiceNow implementations,,0,0.0
manage Windows devices,,0,0.0
manage a team,,0,0.0
manage agency contracting,6.0,1,1.0
manage agency purchasing,6.0,1,1.0
manage alerting,5.0,1,1.0
manage backup plans,5.0,1,1.0
manage build jobs,,0,0.0
manage calendars,,0,0.0
manage client issues,8.0,1,1.0
manage client relationships,8.0,1,1.0
manage clinic schedules,,0,0.0
manage cloud infrastructure,,0,0.0
manage cross-functional delivery,,0,0.0
manage customer service,5.0,1,1.0
manage databases,8.0,1,1.0
manage delivery governance,,0,0.0
manage demand planning,5.0,1,1.0
manage device lifecycle,,0,0.0
manage disaster recovery plans,5.0,1,1.0
manage employee data,,0,0.0
manage employee engagement,,0,0.0
manage enterprise-grade networks,,0,0.0
manage environmental performance,6.0,1,1.0
manage facility operations,6.0,1,1.0
manage failover plans,5.0,1,1.0
manage forecasting,5.0,1,1.0
manage heat transfer applications,6.0,1,1.0
manage infrastructure,,0,0.0
manage inventory management,5.0,1,1.0
manage large CAD databases,6.0,1,1.0
manage learner schedules,,0,0.0
manage modern endpoint management solutions,,0,0.0
manage multiple priorities,2.0,1,1.0
manage network switches,6.0,1,1.0
manage organisational change,,0,0.0
manage payroll,,0,0.0
manage performance,,0,0.0
manage product lifecycle,,0,0.0
manage programming projects,2.0,1,1.0
manage projects,9.0,1,1.0
manage recruitment,,0,0.0
manage relationships,,0,0.0
manage releases,,0,0.0
manage scalable real-time data streaming platforms,,0,0.0
manage scheduling,,0,0.0
manage source control,,0,0.0
manage stakeholder communication,8.0,1,1.0
manage stakeholders,,0,0.0
manage thermal management,6.0,1,1.0
manage time,2.0,1,0.5
manage time,6.0,1,0.5
manage training,,0,0.0
manage vendor relationships,6.0,1,1.0
manage work of other employees,5.0,1,1.0
manipulate the Document Object Model,6.0,1,1.0
manufacture products,,0,0.0
map out competitor sales organisations,,0,0.0
maximize resource development,6.0,1,1.0
measure data-driven insights,,0,0.0
measure key financial targets,6.0,1,1.0
meet engineering specifications,2.0,1,1.0
meet evolving customer needs,6.0,1,1.0
meet evolving operational needs,6.0,1,1.0
meet evolving regulatory needs,6.0,1,1.0
meet production requirements,2.0,1,1.0
mentor junior developers,6.0,1,1.0
mentor junior staff,6.0,2,1.0
mentor other recruiters,,0,0.0
mentor other team members,6.0,1,1.0
mentor students,9.0,1,1.0
mentor subordinate group,5.0,1,1.0
mentor team members,6.0,1,1.0
mentor top talent,8.0,1,1.0
migrate applications from SCCM to Intune,,0,0.0
minimize downtime,6.0,1,1.0
mix sound through a mixing console,5.0,1,1.0
model content metadata,6.0,1,1.0
model core values in client interactions,6.0,1,1.0
modify CI/CD pipelines,,0,0.0
monitor DRC runs,6.0,1,1.0
monitor IT Change Management,2.0,1,1.0
monitor SLIs,5.0,1,1.0
monitor deliveries,2.0,1,1.0
monitor disclosure requirements,6.0,1,1.0
monitor emerging environmental regulations,6.0,1,1.0
monitor environmental best practices,6.0,1,1.0
monitor integration services,6.0,1,1.0
monitor inventory and place orders,2.0,1,1.0
monitor middleware performance,6.0,1,1.0
monitor priorities,2.0,1,1.0
monitor progress of change activity,,0,0.0
monitor progress of impact assessments,,0,0.0
monitor system health,,0,0.0
motivate other team members,6.0,1,1.0
"move projects through client plant design, build, factory acceptance testing, and installation",,0,0.0
multi task and meet deadlines,8.0,1,1.0
navigate ambiguity,6.0,1,1.0
navigate complex design obstacles,,0,0.0
navigate unexpected challenges,6.0,1,1.0
negotiate SLOs,5.0,1,1.0
network with peers,6.0,1,1.0
obtain certifications,,0,0.0
operate AI-enabled workflows,,0,0.0
operate AV equipment,5.0,1,1.0
operate CI/CD pipelines,,0,0.0
operate CNC machines,2.0,1,1.0
operate Docker,,0,0.0
operate EDM machines,2.0,1,1.0
operate Kubernetes,,0,0.0
operate SCCM Intune co-management,,0,0.0
operate advanced artificial intelligence solutions,6.0,1,1.0
operate audio systems for concerts and events,2.0,1,1.0
operate code,6.0,1,1.0
operate data solutions,6.0,1,1.0
operate data stores,,0,0.0
operate distributed systems,6.0,1,1.0
operate in structured quarterly reporting cycles,,0,0.0
operate large-scale SaaS and cloud services,,0,0.0
optimise marketing investment,6.0,1,1.0
optimise the funnel,,0,0.0
optimize CNC machining operations,2.0,1,1.0
optimize frameworks,6.0,1,1.0
optimize global offer launch preparation,6.0,1,1.0
optimize iOS apps,6.0,1,1.0
optimize industrial processes,6.0,1,1.0
optimize integration services,6.0,1,1.0
optimize middleware performance,6.0,1,1.0
optimize money movements and foreign exchange,6.0,1,1.0
"optimize performance of bundlers, linters, and formatters",,0,0.0
optimize platform and sub-systems,6.0,1,1.0
optimize systems,6.0,1,1.0
optimize technical solutions,5.0,1,1.0
orchestrate CI/CD,,0,0.0
orchestrate complex ecosystems,,0,0.0
order additional rack power,2.0,1,1.0
organize design and production effort,,0,0.0
organize tasks and processes,2.0,1,1.0
organize visually-complex information,6.0,1,1.0
organize work,,0,0.0
organize work and processes,8.0,1,1.0
oversee UPS,2.0,1,1.0
oversee agency fixed assets,6.0,1,1.0
oversee all aspects of mineral resource evaluation,,0,0.0
oversee broadcast operations,6.0,1,1.0
oversee daily operations,6.0,1,1.0
oversee development of contracts,6.0,1,1.0
oversee environmental monitoring,2.0,1,1.0
oversee intercom and communications systems,6.0,1,1.0
"oversee management of architects, consultants, and professional partners",,0,0.0
"oversee progression of multiple developments from acquisition through planning, design development, and construction",,0,0.0
oversee technology platforms,5.0,1,1.0
own CAD,6.0,1,1.0
own CI/CD pipelines,,0,0.0
own business strategy,,0,0.0
own code lifecycle,6.0,1,1.0
own critical aspects of electrical architecture,6.0,1,1.0
own critical aspects of electrical implementation,6.0,1,1.0
own customer inform/awareness activities,5.0,1,1.0
own digital signal processing stack,8.0,1,1.0
own feature execution and delivery,8.0,1,1.0
own product strategy,,0,0.0
own project lifecycle,6.0,1,1.0
own technology strategy,8.0,1,1.0
own the backlog,,0,0.0
own the hiring strategy,,0,0.0
own the roadmap,,0,0.0
own the service level of a platform,,0,0.0
package applications for Intune,,0,0.0
package electronics,6.0,1,1.0
participate across many different activities,6.0,1,1.0
participate in C-suite discussions,,0,0.0
participate in audits,,0,0.0
participate in building software,,0,0.0
participate in code reviews,6.0,2,1.0
participate in continuous improvement initiatives,6.0,1,1.0
participate in design and development,6.0,1,1.0
participate in design work,6.0,1,1.0
participate in inter-agency workgroups,2.0,1,1.0
participate in on-call rotation,6.0,1,1.0
participate in project lifecycle,,0,0.0
participate in user story development,2.0,1,1.0
partner closely with Engineering and Information Security peers,,0,0.0
partner with communications committee,5.0,1,1.0
partner with customers,,0,0.0
partner with data scientists,,0,0.0
partner with engineers,,0,0.0
partner with publishing services manager,5.0,1,1.0
partner with sales leadership,,0,0.0
partner with the Lead Information Architect,,0,0.0
patch assembly code on CPUs or GPUs,9.0,1,1.0
pay strong attention to detail,2.0,1,1.0
perceive context in virtual environments,6.0,1,1.0
perform analysis,6.0,1,1.0
perform calculation,6.0,1,1.0
perform data analysis,,0,0.0
perform periodic checks on equipment,2.0,1,1.0
perform precision EDM work,2.0,1,1.0
perform secretarial and clerical duties,8.0,1,1.0
perform simulation,6.0,1,1.0
perform system analysis,2.0,1,1.0
perform technical support duties,,0,0.0
perform technical work,6.0,1,1.0
perform testing,6.0,1,1.0
pinpoint areas of improvement,6.0,1,1.0
pioneer intelligent discovery experiences,8.0,1,1.0
plan environments,5.0,1,1.0
plan for the future,6.0,1,1.0
plan ports needed for servers,2.0,1,1.0
plan setup and sequence of operations,2.0,1,1.0
plan studies,,0,0.0
play a pivotal role in projects,,0,0.0
play a team lead role,6.0,1,1.0
power business owners,6.0,1,1.0
power creative thinkers,6.0,1,1.0
power entrepreneurs,6.0,1,1.0
power innovators,6.0,1,1.0
prepare external environmental reports,6.0,1,1.0
prepare information for electrode construction,2.0,1,1.0
present directly to senior leadership,5.0,1,1.0
prioritise tasks effectively,8.0,1,1.0
prioritize data-driven insights,,0,0.0
prioritize learning,,0,0.0
proactively contribute improvement ideas,,0,0.0
proactively manage tasks,,0,0.0
process RMA/OHIP billing,,0,0.0
process day-to-day delivery,,0,0.0
process financial expenses,,0,0.0
process incoming and outgoing mail,2.0,1,1.0
process job applications,,0,0.0
produce Circuit Card Assemblies,6.0,1,1.0
produce barrels of oil,6.0,1,1.0
produce correct financial reports,6.0,1,1.0
produce high quality deliverables,,0,0.0
produce high-quality components,2.0,1,1.0
produce high-quality video content,5.0,1,1.0
produce technical drawings,,0,0.0
profile and analyze performance of applications and systems,9.0,1,1.0
program CNC machines,2.0,1,1.0
program CNC machining operations,2.0,1,1.0
program EDM machines,2.0,1,1.0
program enhancements for the ServiceNow portal,,0,0.0
"program in C, C++ and scripting languages",9.0,1,1.0
promote initiatives such as BCBS 239–aligned traceability,,0,0.0
promote mental health and resiliency,6.0,1,1.0
promote rapid and efficient development cycles,6.0,1,1.0
promote soil health,6.0,1,1.0
propose data architecture approaches,,0,0.0
prototype solutions to complex challenges,,0,0.0
provide HR support,,0,0.0
provide L3 L4 support for Intune,,0,0.0
provide a positive customer experience,,0,0.0
provide a positive employee experience,,0,0.0
provide administrative support,,0,0.0
provide clear frameworks,6.0,1,1.0
provide detailed analysis,,0,0.0
provide direct support to clinical faculty,,0,0.0
provide environmental expertise,6.0,1,1.0
provide expert advice,5.0,1,1.0
provide expert full-stack support to software engineering teams,,0,0.0
provide expert technical analysis,6.0,1,1.0
provide feedback on marketing campaign effectiveness,5.0,1,1.0
provide hands-on expertise,6.0,1,1.0
provide in-app chatbot,6.0,1,1.0
provide information on financial policies,2.0,1,1.0
provide input into development and implementation of Machine Learning technology,,0,0.0
provide key input to shape strategic direction,,0,0.0
provide leadership,5.0,1,1.0
provide leadership for sales channel operations,5.0,1,1.0
provide leadership to application support,2.0,1,1.0
provide live-sound support,2.0,1,1.0
provide post-implementation support,,0,0.0
provide post-sale customer support,3.0,1,1.0
provide production support,6.0,1,1.0
provide real-time market data,,0,0.0
provide secretarial support,,0,0.0
provide solutions,,0,0.0
provide strategic direction,6.0,1,1.0
provide support for sales channel operations,5.0,1,1.0
provide technical audio support,2.0,1,1.0
provide technical direction,2.0,1,1.0
provide technical leadership,5.0,1,0.5
provide technical leadership,6.0,1,0.5
provide technical mentorship,6.0,1,1.0
provide technical oversight,2.0,1,1.0
provide technical support,2.0,1,1.0
provide technical support to customers,6.0,1,1.0
provide transformative solutions,6.0,1,1.0
provide visibility on progress and timelines,8.0,1,1.0
provision and manage data resources,,0,0.0
provision cloud infrastructure,,0,0.0
provision infrastructure,,0,0.0
publish papers,,0,0.0
push boundaries,,0,0.0
push capability into modern AI techniques,8.0,1,1.0
push the boundaries of what uncrewed systems can do,,0,0.0
qualify actuators,6.0,1,1.0
qualify inbound interest,,0,0.0
qualify sensors,6.0,1,1.0
qualify valves,6.0,1,1.0
rack and stack new servers,2.0,1,1.0
raise the bar,,0,0.0
rebuild automation platforms,6.0,1,1.0
receive equipment,2.0,1,1.0
recommend change of employee status,5.0,1,1.0
recommend employee advancement,5.0,1,1.0
recommend employee promotions,5.0,1,1.0
recruit and hire talented team,6.0,1,1.0
redesign automation platforms,6.0,1,1.0
reduce carbon footprint,,0,0.0
reduce environmental impact,6.0,1,1.0
refactor and upgrade codebase,,0,0.0
reimagine ways to create a smart and sustainable future,6.0,1,1.0
report to the Operations Manager,,0,0.0
reproduce technical issues,6.0,1,1.0
research latest technological developments,6.0,1,1.0
"research, design, and prototype the look and feel of digital products",6.0,1,1.0
resolve conflicts,8.0,1,1.0
resolve issues,,0,0.0
resolve issues and blockers,,0,0.0
resolve issues related to outstanding payments,,0,0.0
resolve problems,2.0,1,1.0
resolve production issues,,0,0.0
respond quickly to prospects,,0,0.0
respond to alarms,2.0,1,1.0
respond to customer feedback,,0,0.0
review code,,0,0.0
review performance,,0,0.0
review plant plans and forecasts,6.0,1,1.0
review scan results,6.0,1,1.0
rightsize infrastructure,5.0,1,1.0
run databases in Linux environment,8.0,1,1.0
run fiber and copper cabling,2.0,1,1.0
run large-scale systems,,0,0.0
safeguard company networks and computer systems,6.0,1,1.0
safeguard national security,,0,0.0
safeguard sensitive information,,0,0.0
scale AI-enabled workflows,,0,0.0
scale CI/CD pipelines,,0,0.0
scale a modern data platform,,0,0.0
scale consumer products,,0,0.0
scale corporate production network,,0,0.0
scale environments quickly,,0,0.0
scale high-performance mobile applications,,0,0.0
scale product growth,,0,0.0
scale programmes,,0,0.0
scale service operations,,0,0.0
schedule calls,,0,0.0
scope and build data products,8.0,1,1.0
script PowerShell for automation,,0,0.0
script proficiently,5.0,1,1.0
secure high-scale communication systems,,0,0.0
seek feedback from senior team members,,0,0.0
select actuators,6.0,1,1.0
select sensors,6.0,1,1.0
select valves,6.0,1,1.0
sell the company vision to passive candidates,,0,0.0
serve as a key liaison,6.0,1,1.0
serve as a lab monitor for an electronic music lab,2.0,1,1.0
serve as a liaison with the information security team,6.0,1,1.0
serve as a resource to help teams solve problems,,0,0.0
serve as a security contact for the business unit,6.0,1,1.0
serve as first point of contact for visitors,2.0,1,1.0
serve as liaison for building management,6.0,1,1.0
serve as subject matter expert,6.0,1,1.0
serve entities worldwide,6.0,1,1.0
set a new standard for automated weed control,6.0,1,1.0
set a vision,6.0,1,1.0
set standards,6.0,1,1.0
set up CNC machining operations,2.0,1,1.0
set up Jenkins,,0,0.0
set up parts on machines,2.0,1,1.0
setup AV equipment,5.0,1,1.0
setup manufacturing processes,6.0,1,1.0
shape data-driven strategies,6.0,1,1.0
shape hybrid cloud environment,5.0,1,1.0
shape key parts of commerce and monetization ecosystem,,0,0.0
shape platform architecture,,0,0.0
shape the foundation of search and AI ecosystem,8.0,1,1.0
shape the future of financial planning,5.0,1,1.0
shape the future of platform,8.0,1,1.0
shape the next generation of CIS,6.0,1,1.0
shape user workflows,,0,0.0
sharpen knowledge,,0,0.0
shift left database expertise,,0,0.0
ship higher-quality work,,0,0.0
showcase design impact via portfolio,6.0,1,1.0
simplify purchasing flows,,0,0.0
solve business challenges,6.0,1,1.0
solve business problems,,0,0.0
solve challenging problems,6.0,1,1.0
solve complex challenges,6.0,2,1.0
solve complex customer challenges,,0,0.0
solve complex problems,6.0,1,1.0
solve complex problems at scale,,0,0.0
solve problems,2.0,1,0.25
solve problems,6.0,2,0.5
solve problems,8.0,1,0.25
solve problems creatively,,0,0.0
solve problems for the built environment,6.0,1,1.0
solve problems proactively,2.0,1,1.0
solve technical problems,6.0,1,1.0
stabilize Intune environments,,0,0.0
standardize processes,6.0,1,1.0
standardize sales channel operations,5.0,1,1.0
stay connected with company communications,6.0,1,1.0
stay curious,,0,0.0
stay current with industry knowledge,,0,0.0
streamline processes,6.0,1,1.0
strengthen API-first architecture,8.0,1,1.0
strengthen FP&A processes,,0,0.0
strengthen engineering delivery practices,8.0,1,1.0
strengthen observability,8.0,1,1.0
strengthen platform reliability,8.0,1,1.0
strengthen security posture,5.0,1,1.0
strive to advance technology,6.0,1,1.0
structure information and actions,6.0,1,1.0
study part prints,2.0,1,1.0
suggest opportunities for improvement,5.0,1,1.0
support AI platforms,,0,0.0
support CI/CD pipelines,6.0,1,1.0
support HR Manager,,0,0.0
support HR software,,0,0.0
support Product Engineering teams,,0,0.0
support SIT/UAT testing cycles,6.0,1,1.0
support Windows Autopilot,,0,0.0
support academic activities,,0,0.0
support administrative functions,2.0,1,1.0
support aggregation accuracy,,0,0.0
support analytics systems,,0,0.0
support and enable growth and opportunity for every employee,6.0,1,1.0
support business planning process,6.0,1,1.0
support business through changes,,0,0.0
support church events,5.0,1,1.0
support clients,,0,0.0
support clinical activities,,0,0.0
support continuous improvement,6.0,1,1.0
support course administration,,0,0.0
support course coordination,,0,0.0
support customer operations,,0,0.0
support customers,,0,0.0
support data conversions,,0,0.0
support development of environmental analysis capabilities,6.0,1,1.0
support engineered products,,0,0.0
support enterprise analytics platforms,,0,0.0
support enterprise property management systems,,0,0.0
support executive decision-making,,0,0.0
support feature planning,,0,0.0
support financial planning process,6.0,1,1.0
support forecasting process,6.0,1,1.0
support global offer marketing managers,6.0,1,1.0
support government customers in acquisitions,,0,0.0
support government customers in education and training,,0,0.0
support government customers in engineering design,,0,0.0
support growth of team,8.0,1,1.0
support healthcare system integrations,,0,0.0
support local production needs,5.0,1,1.0
support management and execution of contracts,6.0,1,1.0
support management in project planning,2.0,1,1.0
support one another,,0,0.0
support operational tooling,8.0,1,1.0
support operations,6.0,1,1.0
"support predictable, reliable delivery",,0,0.0
support product owner,6.0,1,1.0
support production deployments,6.0,1,1.0
support regulatory attestations,,0,0.0
support research activities,,0,0.0
support scheduling for meetings and events,2.0,1,1.0
support software testing activities,6.0,1,1.0
support strategic decision-making,5.0,1,1.0
support strategic initiatives,6.0,1,1.0
support system analysis,,0,0.0
support system design,,0,0.0
support system requirements,,0,0.0
support system validation,,0,0.0
support system verification,,0,0.0
support teammates through code reviews,6.0,1,1.0
support teammates through design reviews,6.0,1,1.0
support testing of environmental analysis capabilities,6.0,1,1.0
support the design of propositions,,0,0.0
support the design of solutions,,0,0.0
"support the design, configuration, and optimisation of the EPR system",,0,0.0
support the entire sales cycle,3.0,1,1.0
support the evolution of how we deliver our developments,,0,0.0
support the implementation of solutions,,0,0.0
"support the tooling, pipelines, frameworks, and other technologies",,0,0.0
support tracking of POA&Ms,6.0,1,1.0
support tracking of exceptions,6.0,1,1.0
support tracking of remediation actions,6.0,1,1.0
support worship services,5.0,1,1.0
surplus equipment,2.0,1,1.0
tackle big problems,6.0,1,1.0
tackle problems,6.0,1,1.0
tailor messages to resonate across audiences,6.0,1,1.0
take initiative,,0,0.0
take meeting minutes,,0,0.0
take on new challenges,,0,0.0
take ownership and be reliable,2.0,1,1.0
take ownership for elements of the proposition,,0,0.0
take ownership of data solutions,5.0,1,1.0
take ownership of key mechanical subsystems,,0,0.0
take ownership of specific workstreams,,0,0.0
teach artificial intelligence,,0,0.0
teach data analytics,,0,0.0
teach natural language processing,,0,0.0
test Circuit Card Assemblies,6.0,1,1.0
test a candidate's grasp of concepts,,0,0.0
test application code,2.0,1,1.0
test code,,0,0.0
test components,,0,0.0
test data solutions,6.0,1,1.0
test frameworks,2.0,1,1.0
test high-performance data ingestion systems,6.0,1,1.0
test interactive prototypes,6.0,1,1.0
test products to destruction,,0,0.0
think big,6.0,1,1.0
think critically,2.0,1,0.5
think critically,6.0,1,0.5
think critically in a wider business context,6.0,1,1.0
think in cross-platform systems,,0,0.0
thrive in a fast-paced environment,6.0,1,1.0
thrive in ambiguity,6.0,1,1.0
thrive in an agile environment,,0,0.0
thrive in client-facing environments,,0,0.0
thrive in fast-paced collaborative environment,6.0,1,1.0
thrive in fast-paced environments,,0,0.0
track conversion metrics,,0,0.0
track cycle time,6.0,1,1.0
track environmental footprint,6.0,1,1.0
track feature performance,,0,0.0
track iteration history,6.0,1,1.0
track model performance,,0,0.0
track rule stability,6.0,1,1.0
track your own performance,,0,0.0
transfer data,,0,0.0
transform raw data into meaningful insights,6.0,1,1.0
transition legacy services,8.0,1,1.0
transition to business-as-usual operations,,0,0.0
translate business needs into technical requirements,,0,0.0
translate business use cases into scalable platform services,,0,0.0
translate complex behavioral data into clear stories,,0,0.0
translate complex operational challenges into production-ready AI systems,6.0,1,1.0
translate data-driven insights,,0,0.0
translate insights into practical recommendations,6.0,1,1.0
translate requirements into technical solutions,6.0,1,1.0
travel for team meetings,6.0,1,1.0
travel to client sites,6.0,1,1.0
travel up to 20% of the time,,0,0.0
trigger DRC runs,6.0,1,1.0
troubleshoot ILO issues,2.0,1,1.0
troubleshoot Intune application deployment failures,,0,0.0
troubleshoot Intune environments,,0,0.0
troubleshoot cabling issues,2.0,1,1.0
troubleshoot equipment,6.0,1,1.0
troubleshoot integration services,6.0,1,1.0
troubleshoot interfaces between clinical and enterprise systems,,0,0.0
troubleshoot middleware performance,6.0,1,1.0
troubleshoot multicast market data delivery platforms,,0,0.0
troubleshoot network issues,2.0,1,1.0
troubleshoot power issues,2.0,1,1.0
troubleshoot systems,2.0,1,1.0
turn analysis into business impact,,0,0.0
turn complex infrastructure requirements into simple interfaces,,0,0.0
turn data into insight,,0,0.0
turn raw multichannel audio into bearings and alerts,8.0,1,1.0
turn research-grade ideas into production-ready solutions,8.0,1,1.0
turn vision into exceptional places to live,,0,0.0
uncover actionable insights,6.0,1,1.0
understand business needs,6.0,1,1.0
understand context in virtual environments,6.0,1,1.0
understand developer needs,,0,0.0
understand local customs and practices,5.0,1,1.0
understand needs of end customers,6.0,1,1.0
understand reporting requirements,8.0,1,1.0
understand requirements,6.0,1,1.0
understand retail operations,5.0,1,1.0
understand tools involved in frontend development,,0,0.0
understand users,,0,0.0
unlock the power of data driven decision making,,0,0.0
unveil a plan for net zero emissions,6.0,1,1.0
update data,,0,0.0
upgrade skills,,0,0.0
uphold standards for code quality,6.0,1,1.0
uphold standards of safety and effectiveness,,0,0.0
use AutoCAD,6.0,1,1.0
use Bluebeam,6.0,1,1.0
use CAD systems,,0,0.0
use ML frameworks,,0,0.0
use Revit,6.0,1,1.0
use a range of equipment and techniques,,0,0.0
use causal inference methods,8.0,1,1.0
use communication and collaborative technologies,,0,0.0
use data to influence decisions,,0,0.0
use design/analysis software,,0,0.0
use independent judgment,2.0,1,1.0
use technology to solve customer problems,,0,0.0
validate AI/ML solutions,6.0,1,1.0
validate hardware,6.0,1,1.0
validate ideas,,0,0.0
verify tolerances and finishes,2.0,1,1.0
visualize partner revenue,,0,0.0
weave together various technologies,6.0,1,1.0
welcome visitors professionally,2.0,1,1.0
work across a diverse modern stack,,0,0.0
work across design and production teams,,0,0.0
work across disciplines,6.0,1,1.0
work across multi-disciplinary teams,,0,0.0
work across multiple programming languages,,0,0.0
work alongside teams,,0,0.0
work and live in operational areas,6.0,1,1.0
work as a team,,0,0.0
work at a fast pace to achieve KPIs,,0,0.0
work at the intersection of advanced robotics and live field operations,,0,0.0
work autonomously,,0,0.0
work closely with UI/UX designers,,0,0.0
work closely with architects,6.0,1,1.0
work closely with architecture teams,5.0,1,1.0
work closely with automation specialists,,0,0.0
work closely with business analysts,6.0,1,1.0
work closely with business stakeholders,6.0,1,1.0
work closely with cross-functional teams,6.0,1,1.0
work closely with customers,,0,0.0
work closely with data scientists,6.0,1,1.0
work closely with data teams,5.0,1,1.0
work closely with development teams,5.0,1,1.0
work closely with engineers,,0,0.0
work closely with other developers,6.0,1,1.0
work closely with other technologists,,0,0.0
work closely with partner teams,6.0,1,1.0
work closely with product teams,6.0,1,1.0
"work closely with sales, service, and technical teams",6.0,1,1.0
work closely with senior engineers,,0,0.0
work closely with software engineers,,0,0.0
work closely with stakeholders,6.0,1,1.0
work closely with teams,6.0,1,1.0
work closely with technical teams and business partners,,0,0.0
work collaboratively,6.0,1,1.0
work collaboratively in a multidisciplinary environment,9.0,1,1.0
work collaboratively with a diverse team,,0,0.0
work collaboratively within a team,,0,0.0
work cross functionally,6.0,1,1.0
"work cross-functionally with architecture, platform design, and engineering teams",6.0,1,1.0
work cross-functionally with teams,,0,0.0
work evenings and weekends for events,2.0,1,1.0
"work evenings, weekends, holidays, and special events",2.0,1,1.0
work in a close-knit family atmosphere,,0,0.0
work in a creative fast-paced environment,2.0,1,1.0
work in a professional environment with diverse stakeholders,2.0,1,1.0
work in a smoking environment,2.0,1,1.0
work in ambiguity,,0,0.0
work in an agile model,6.0,1,1.0
work in an agile team,6.0,1,1.0
work in moderate to loud noise levels,2.0,1,1.0
work in partnership with stakeholders,,0,0.0
work in remote mine sites with significant diversity,,0,0.0
work independently,6.0,1,0.5
work independently,9.0,1,0.5
work on a team aiming to improve user experience,6.0,1,1.0
work on complex challenges,,0,0.0
work on features that span multi-functional teams,6.0,1,1.0
work on new projects,,0,0.0
work on own initiative,8.0,1,1.0
work on profiler stack and application code,9.0,1,1.0
work on scalable web services,6.0,1,1.0
work on state-of-the-art solutions,6.0,1,1.0
work on-site,,0,0.0
work together with teams,6.0,1,1.0
work under minimal direction,2.0,1,1.0
work well independently,6.0,1,1.0
work with JavaScript tools,,0,0.0
"work with a team of SMEs, developers, and designers",6.0,1,1.0
work with administrators,2.0,1,1.0
work with advanced tools and processes,,0,0.0
"work with architects, engineers, owners, and stakeholders",6.0,1,1.0
work with business analysts,2.0,1,1.0
work with cross-functional teams,6.0,1,1.0
work with developers,2.0,1,1.0
work with docker containers,,0,0.0
work with engineering teams,,0,0.0
work with fellow engineers,6.0,1,1.0
work with geographically dispersed stakeholders,6.0,1,1.0
work with high-volume data environments,,0,0.0
work with large-scale GPU farms,,0,0.0
work with multiple cloud infrastructures,,0,0.0
work with other teams,,0,0.0
work with partners,2.0,1,1.0
work with partners to gather requirements,6.0,1,1.0
work with product owners,2.0,1,1.0
work with product teams,,0,0.0
work with public and private sector,,0,0.0
work with scrum masters,2.0,1,1.0
work with security per procedures,2.0,1,1.0
work with solution architects,2.0,1,1.0
work with utmost care and precision,,0,0.0
write articles,,0,0.0
write automation for best practices,,0,0.0
write case studies,,0,0.0
write clean concurrent code,,0,0.0
write code,,0,0.0
write grants,9.0,1,1.0
write maintainable code,,0,0.0
write new and unique tools,,0,0.0
write papers,,0,0.0
write performance or correctness tools,9.0,1,1.0
"write well-crafted, well-tested, readable, maintainable code",6.0,1,1.0
