skill,n_jobs_total,n_jobs_with_education,dominant_kkni,education_distribution_json
abstract the complexity of the data layer,1,0,,{}
accomplish critical missions and objectives,1,0,,{}
accomplish sustainable vision,1,1,6.0,"{""6"": 1}"
achieve transformational healthcare improvement,1,1,6.0,"{""6"": 1}"
act as a bridge between teams,1,0,,{}
act as a strategic advisor,1,0,,{}
act as expert for system admins and engineers,1,1,6.0,"{""6"": 1}"
act as lead,1,1,5.0,"{""5"": 1}"
act fearlessly,1,1,6.0,"{""6"": 1}"
act independently,1,1,6.0,"{""6"": 1}"
act with intention,1,0,,{}
adapt approach to activities and customers,1,0,,{}
adapt inform/awareness materials to customer needs,1,1,5.0,"{""5"": 1}"
adapt inform/awareness materials to local language,1,1,5.0,"{""5"": 1}"
adapt makeup style to different customers,1,0,,{}
adapt quickly when priorities change,1,0,,{}
adapt to a varying work schedule due to events,1,1,2.0,"{""2"": 1}"
adapt to change,2,1,6.0,"{""6"": 1}"
adapt to pace of change,1,1,5.0,"{""5"": 1}"
address issues related to outstanding payments,1,0,,{}
address labor shortages,1,1,6.0,"{""6"": 1}"
address rising costs,1,1,6.0,"{""6"": 1}"
address routine office issues,1,1,2.0,"{""2"": 1}"
adhere to industry standards,1,1,6.0,"{""6"": 1}"
"adhere to policy, procedures and controls",1,1,6.0,"{""6"": 1}"
adhere to protocols,1,1,6.0,"{""6"": 1}"
adhere to safety standards,1,1,6.0,"{""6"": 1}"
adjust and be flexible to change,1,0,,{}
administer accounting procedures,1,0,,{}
administer candidate profiles,1,1,2.0,"{""2"": 1}"
administer general office procedures,1,0,,{}
administer program procedures,1,0,,{}
adopt and test new features early on,1,0,,{}
advance career in B2B software sales,1,0,,{}
advance careers,1,0,,{}
"advance lexical, vector, and hybrid retrieval systems",1,1,8.0,"{""8"": 1}"
advance performance analysis and tuning for GPUs,1,1,9.0,"{""9"": 1}"
advise on technology support,1,0,,{}
align IT processes and procedures,1,1,2.0,"{""2"": 1}"
align resources to outcomes,1,1,6.0,"{""6"": 1}"
align stakeholders,1,0,,{}
allocate space and power,1,1,2.0,"{""2"": 1}"
allow developers to monitor databases,1,0,,{}
allow developers to scale databases,1,0,,{}
allow developers to spin up databases,1,0,,{}
analyse complex datasets,1,1,6.0,"{""6"": 1}"
analyse workflows,1,0,,{}
analyze and debug web applications,1,1,6.0,"{""6"": 1}"
analyze business and technical requirements,1,1,6.0,"{""6"": 1}"
analyze business challenges,1,1,6.0,"{""6"": 1}"
analyze business data,1,1,8.0,"{""8"": 1}"
analyze business processes,2,0,,{}
analyze clinical documents,1,0,,{}
analyze data,1,0,,{}
analyze frameworks,1,1,6.0,"{""6"": 1}"
analyze iOS apps,1,1,6.0,"{""6"": 1}"
analyze monthly financial results,1,1,6.0,"{""6"": 1}"
analyze pharmacy operations data,1,1,8.0,"{""8"": 1}"
analyze potential impact on recovery capabilities,1,1,2.0,"{""2"": 1}"
analyze requirements,1,0,,{}
analyze software for defects,1,1,2.0,"{""2"": 1}"
analyze solution options,1,1,6.0,"{""6"": 1}"
analyze systems,2,1,6.0,"{""6"": 1}"
analyze user generated content,1,0,,{}
answer and route incoming calls and emails,1,1,2.0,"{""2"": 1}"
apply AI to asset-intensive environments,1,1,6.0,"{""6"": 1}"
apply AI to tackle challenges,1,1,9.0,"{""9"": 1}"
apply DevOps practices,1,0,,{}
apply Security Technical Implementation Guides (STIGs),1,1,6.0,"{""6"": 1}"
apply advanced statistical methods,1,1,8.0,"{""8"": 1}"
apply agent-based architectures to asset-intensive environments,1,1,6.0,"{""6"": 1}"
"apply basic principles, theories, and concepts",1,1,6.0,"{""6"": 1}"
apply best practices for indexing,1,0,,{}
apply best practices for schema design,1,0,,{}
apply best practices for security configurations,1,0,,{}
apply construction regulations,1,0,,{}
apply core skills across deployment platforms,1,0,,{}
apply customer configurations,1,1,6.0,"{""6"": 1}"
apply expert insights to customer problems,1,1,5.0,"{""5"": 1}"
apply for roles,1,0,,{}
apply knowledge of compute programming models and compute architecture,1,1,9.0,"{""9"": 1}"
apply machine learning to asset-intensive environments,1,1,6.0,"{""6"": 1}"
apply makeup,1,0,,{}
apply methodical approach,1,0,,{}
apply qualitative and quantitative data to inform decisions,1,0,,{}
apply residential construction practices,1,0,,{}
apply skills beyond formal role boundaries,1,1,6.0,"{""6"": 1}"
apply temporal smoothing,1,1,8.0,"{""8"": 1}"
apply theoretical knowledge,1,1,6.0,"{""6"": 1}"
approach problems creatively and collaboratively,1,1,6.0,"{""6"": 1}"
architect AI factories,1,0,,{}
architect APIs and orchestration layers,1,1,6.0,"{""6"": 1}"
architect a modern data platform,1,0,,{}
"architect and build polished, cross-platform mobile experiences",1,0,,{}
architect high-performance mobile applications,1,0,,{}
articulate a compelling case for a technology,1,0,,{}
articulate a compelling case for an architectural approach,1,0,,{}
assess candidates on specific deal mechanics,1,0,,{}
assess user projects,1,1,6.0,"{""6"": 1}"
assist customers in expanding SAP footprint,1,1,3.0,"{""3"": 1}"
assist in building a design system,1,1,6.0,"{""6"": 1}"
assist in development and maintenance of efficient systems,1,1,8.0,"{""8"": 1}"
assist in preparation of capital appropriation requests,1,1,6.0,"{""6"": 1}"
assist in preparation of forecasts,1,1,6.0,"{""6"": 1}"
assist in preparation of operations reviews,1,1,6.0,"{""6"": 1}"
assist in preparation of profit plans,1,1,6.0,"{""6"": 1}"
assist students with audio hardware questions,1,1,2.0,"{""2"": 1}"
assist students with audio software questions,1,1,2.0,"{""2"": 1}"
assist with REB applications,1,0,,{}
assist with budget preparation,1,1,2.0,"{""2"": 1}"
assist with creation of local inform/awareness materials,1,1,5.0,"{""5"": 1}"
assist with deployments,1,0,,{}
assist with employee workspace setup,1,1,2.0,"{""2"": 1}"
assist with grant applications,1,0,,{}
assist with office coordination,1,1,2.0,"{""2"": 1}"
assist with planning office-wide processes,1,1,2.0,"{""2"": 1}"
assist with running vulnerability scans,1,1,6.0,"{""6"": 1}"
assist with scheduling vulnerability scans,1,1,6.0,"{""6"": 1}"
attend seminars,1,0,,{}
attend trainings,1,0,,{}
attend walk-through meetings,1,1,2.0,"{""2"": 1}"
attract skilled professionals,1,0,,{}
audit a candidate’s sales acumen,1,0,,{}
audit data analysis,1,0,,{}
audit geometallurgical block models,1,0,,{}
audit resource block models,1,0,,{}
augment core development workflows,1,0,,{}
automate and streamline the entire software delivery lifecycle,1,0,,{}
automate core development workflows,1,0,,{}
automate infrastructure,1,0,,{}
automate processes,1,1,6.0,"{""6"": 1}"
automate tasks,1,0,,{}
automate workflows,2,1,6.0,"{""6"": 1}"
back suggestions with analysis,1,1,5.0,"{""5"": 1}"
balance business goals with user trust,1,0,,{}
"balance commercial performance, thoughtful design, and community impact",1,0,,{}
balance front desk responsibilities with office support,1,1,2.0,"{""2"": 1}"
balance multiple deadlines,1,1,6.0,"{""6"": 1}"
be enthusiastic,1,0,,{}
be flexible in approach,1,0,,{}
be highly motivated,1,0,,{}
be mindful of reliability,1,0,,{}
be mindful of scalability,1,0,,{}
be proactive,1,0,,{}
be reliable,1,0,,{}
be responsible for automation,1,0,,{}
be responsible for observability,1,0,,{}
become an expert in JavaScript tooling,1,0,,{}
"blend creativity, curiosity, and user centered thinking",1,0,,{}
blend machine learning with design,1,0,,{}
bridge business and technology,1,0,,{}
"bridge data science, engineering, and product domains",1,1,8.0,"{""8"": 1}"
bridge the gap between technology and business,1,0,,{}
bring a product mindset to platform engineering,1,0,,{}
bring clarity through creative thinking,1,1,6.0,"{""6"": 1}"
bring clarity through structured thinking,1,1,6.0,"{""6"": 1}"
bring thoughtful product experiences to life,1,0,,{}
bring up hardware,1,1,6.0,"{""6"": 1}"
bring user insights into every stage of design,1,0,,{}
broaden perspectives,1,1,6.0,"{""6"": 1}"
build AI and robotics products,1,1,6.0,"{""6"": 1}"
build ML pipelines,1,1,6.0,"{""6"": 1}"
build Power BI reports,1,1,2.0,"{""2"": 1}"
build QA platform,1,1,6.0,"{""6"": 1}"
build SaaS ecommerce platform,1,1,6.0,"{""6"": 1}"
build a high-performing team,1,0,,{}
build a solid financial data foundation,1,1,6.0,"{""6"": 1}"
build a supportive environment,1,1,6.0,"{""6"": 1}"
build advanced artificial intelligence solutions,1,1,6.0,"{""6"": 1}"
build and enhance a modern data catalog and lineage platform,1,0,,{}
build and maintain effective working relationships,1,1,8.0,"{""8"": 1}"
"build and maintain tools, pipelines, and processes",1,0,,{}
build and nurture a pipeline of talent,1,0,,{}
build automation pipelines,1,0,,{}
build autonomous marine systems,1,0,,{}
build career in technical management,1,1,8.0,"{""8"": 1}"
build cloud infrastructure,1,0,,{}
build competency,1,0,,{}
build complex software,1,0,,{}
build consumer products,1,0,,{}
build creative features,1,1,6.0,"{""6"": 1}"
build customized reporting tools,1,1,5.0,"{""5"": 1}"
build dashboards,2,1,5.0,"{""5"": 1}"
build data pipelines,1,1,5.0,"{""5"": 1}"
build data stores,1,0,,{}
build deployment pipelines,1,0,,{}
build developer experience,1,0,,{}
build distributed systems,1,0,,{}
build enterprise data capability,1,0,,{}
build event-driven data platforms,1,0,,{}
build experiences,1,1,6.0,"{""6"": 1}"
build extensible systems,1,0,,{}
build financial data models,1,1,5.0,"{""5"": 1}"
build foundational infrastructure,1,1,6.0,"{""6"": 1}"
build foundations,1,0,,{}
build golden paths for developers,1,0,,{}
build high-performance mobile applications,1,0,,{}
build high-performance systems,1,0,,{}
build innovative responses,1,0,,{}
build intelligent systems,1,1,6.0,"{""6"": 1}"
build interfaces,1,0,,{}
build internally-used digital products,1,0,,{}
build large-scale SaaS and cloud services,1,0,,{}
build large-scale systems,2,1,6.0,"{""6"": 1}"
build lasting emotional connections,1,0,,{}
build monitoring systems,1,1,6.0,"{""6"": 1}"
build network infrastructure,1,0,,{}
build on existing foundational models,1,1,8.0,"{""8"": 1}"
build production-grade platforms,1,0,,{}
build products,1,0,,{}
build retrieval and evaluation capabilities,1,1,8.0,"{""8"": 1}"
build robust reconciliation/accounting systems,1,1,6.0,"{""6"": 1}"
build scalable and resilient networks,1,0,,{}
build scalable real-time data streaming platforms,1,0,,{}
build scalable systems,1,0,,{}
build service operations,1,0,,{}
build solid relationships with team members,1,0,,{}
build solutions for Business Data Quality (BDQ),1,0,,{}
build solutions for Data Catalog & Lineage,1,0,,{}
build solutions for Data Retention and Destruction,1,0,,{}
build solutions for Entitlements,1,0,,{}
build solutions for Technical Data Quality (TDQ),1,0,,{}
build strong relationships,1,1,6.0,"{""6"": 1}"
build strong teams,1,0,,{}
build strong working relationships,1,1,6.0,"{""6"": 1}"
build systems for B2B businesses,1,1,6.0,"{""6"": 1}"
build systems that run smoothly,1,0,,{}
build technology products,1,1,6.0,"{""6"": 1}"
"build things reliably, efficiently and cost-effectively",1,1,5.0,"{""5"": 1}"
build tools that aggregate and evaluate forecasts,1,1,8.0,"{""8"": 1}"
build tools to enable developers,1,1,9.0,"{""9"": 1}"
"build tools, dashboards and platform",1,1,6.0,"{""6"": 1}"
build trust and impact,1,0,,{}
build web applications,1,0,,{}
build with speed and intensity,1,0,,{}
build workflows,1,0,,{}
business partner with teams,1,0,,{}
capture video content,1,1,5.0,"{""5"": 1}"
celebrate successes,1,0,,{}
challenge and review designs,1,0,,{}
challenge assumptions,1,0,,{}
challenge constraints,1,1,6.0,"{""6"": 1}"
challenge hiring managers,1,0,,{}
champion a DevOps culture and practices,1,0,,{}
champion for a healthier planet,1,1,6.0,"{""6"": 1}"
champion information architecture best practices,1,0,,{}
champion leading-edge methodologies,1,0,,{}
champion world-class artistry,1,0,,{}
check dimensions and finish,1,1,2.0,"{""2"": 1}"
check final forms using gauges,1,1,2.0,"{""2"": 1}"
clear exams,1,0,,{}
coach team members,1,1,5.0,"{""5"": 1}"
code proficiently,1,1,5.0,"{""5"": 1}"
codify deep database expertise,1,0,,{}
"collaborate closely with co-founders, Geologist and Lead Metallurgist",1,0,,{}
collaborate closely with designers and strategists,1,0,,{}
collaborate cross-functionally,1,1,5.0,"{""5"": 1}"
collaborate deeply with data partners,1,0,,{}
collaborate effectively across all levels,1,1,6.0,"{""6"": 1}"
collaborate in a distributed team,1,1,5.0,"{""5"": 1}"
collaborate in a fast-moving environment,1,0,,{}
collaborate in a team environment,1,1,8.0,"{""8"": 1}"
collaborate with Product Owners,1,0,,{}
collaborate with UX researchers,1,0,,{}
collaborate with a global team,1,1,6.0,"{""6"": 1}"
collaborate with a multi-disciplinary team,1,1,6.0,"{""6"": 1}"
collaborate with a team,1,0,,{}
collaborate with backend teams,1,0,,{}
collaborate with cross-functional teams,5,4,8.0,"{""5"": 1, ""6"": 1, ""8"": 2}"
collaborate with design teams,1,0,,{}
collaborate with distributed team,1,1,6.0,"{""6"": 1}"
collaborate with diverse teams,1,0,,{}
collaborate with engineering team on scaling,1,0,,{}
"collaborate with engineers, product managers, designers, collaborators, partners",1,1,6.0,"{""6"": 1}"
collaborate with internal teams,1,1,6.0,"{""6"": 1}"
collaborate with interns,1,1,6.0,"{""6"": 1}"
collaborate with others,1,0,,{}
collaborate with product managers and engineers,1,1,6.0,"{""6"": 1}"
collaborate with product teams,1,0,,{}
collaborate with stakeholders,1,1,5.0,"{""5"": 1}"
collaborate with team,10,5,6.0,"{""6"": 4, ""9"": 1}"
collaborate with team and offer feedback,1,0,,{}
collaborate with teams,1,1,9.0,"{""9"": 1}"
collect complex datasets,1,1,6.0,"{""6"": 1}"
combine portfolio with partner technologies,1,1,6.0,"{""6"": 1}"
combine strategic thinking with operational delivery,1,0,,{}
commit to multiple courses,1,0,,{}
communicate about applications,1,1,2.0,"{""2"": 1}"
communicate clearly and effectively with guests,1,1,2.0,"{""2"": 1}"
communicate clearly and effectively with management,1,1,2.0,"{""2"": 1}"
communicate clearly and effectively with team members,1,1,2.0,"{""2"": 1}"
communicate corrective actions to leadership,1,1,6.0,"{""6"": 1}"
communicate effectively,6,3,2.0,"{""2"": 1, ""8"": 1, ""9"": 1}"
communicate ideas,2,1,6.0,"{""6"": 1}"
communicate in English,1,0,,{}
communicate results,1,1,2.0,"{""2"": 1}"
communicate risk-based recommendations,1,1,6.0,"{""6"": 1}"
communicate strongly,1,1,2.0,"{""2"": 1}"
communicate with empathy,1,1,6.0,"{""6"": 1}"
communicate with precision,1,1,6.0,"{""6"": 1}"
communicate with technical leaders,1,1,6.0,"{""6"": 1}"
complete projects with a team-first approach,1,0,,{}
comply with health and safety measures,1,0,,{}
conceptualize AI integration,1,0,,{}
conduct customer discovery,1,0,,{}
conduct deep-dive competency interviews,1,0,,{}
conduct experiment analyses,1,0,,{}
conduct technical peer reviews,1,0,,{}
configure Intune compliance policies,1,0,,{}
configure Intune configuration profiles,1,0,,{}
configure Intune security baselines,1,0,,{}
configure Jenkins,1,0,,{}
configure Windows Update for Business via Intune,1,0,,{}
configure industrial processes,1,1,6.0,"{""6"": 1}"
connect building operations data,1,0,,{}
connect financial systems,1,0,,{}
connect property management systems,1,0,,{}
connect tenant platforms,1,0,,{}
construct platform and sub-systems,1,1,6.0,"{""6"": 1}"
context switch across multiple projects,1,1,6.0,"{""6"": 1}"
"continuously improve build tooling, developer workflows, and infrastructure",1,0,,{}
continuously improve processes to support scalability,1,0,,{}
continuously improve the developer experience,1,0,,{}
contribute innovative solutions,1,1,6.0,"{""6"": 1}"
contribute specialist expertise,1,1,6.0,"{""6"": 1}"
contribute technical expertise to tool development,1,1,6.0,"{""6"": 1}"
contribute to adoption activities,1,0,,{}
contribute to automation initiatives,1,1,6.0,"{""6"": 1}"
contribute to continuous improvement of internally built tools,1,0,,{}
contribute to data validation,1,0,,{}
contribute to design system,1,1,6.0,"{""6"": 1}"
contribute to feature design,1,0,,{}
contribute to frontend architecture,1,0,,{}
contribute to integration testing,1,0,,{}
contribute to pre-sales and bids,1,0,,{}
contribute to process improvements,1,1,5.0,"{""5"": 1}"
"contribute to real-time control, safety, autonomy and mission execution",1,0,,{}
contribute to teamwork,1,1,2.0,"{""2"": 1}"
contribute to testing,1,0,,{}
"contribute to the development of RFCs, standards, and frameworks",1,0,,{}
contribute to the growth and success of a consulting practice,1,0,,{}
contribute to wider objectives,1,0,,{}
convert inbound interest into pipeline,1,0,,{}
coordinate badging at location,1,1,2.0,"{""2"": 1}"
coordinate design and production effort,1,0,,{}
coordinate junior staff,1,1,6.0,"{""6"": 1}"
coordinate office activities,1,1,2.0,"{""2"": 1}"
coordinate people-related projects,1,0,,{}
coordinate program execution,1,1,6.0,"{""6"": 1}"
coordinate projects,1,0,,{}
coordinate releases,1,1,5.0,"{""5"": 1}"
coordinate shipments and deliveries,1,1,2.0,"{""2"": 1}"
coordinate support within a division,1,0,,{}
coordinate tasks in a fast-paced setting,1,1,2.0,"{""2"": 1}"
coordinate with asset management,1,1,2.0,"{""2"": 1}"
coordinate with building management and vendors,1,1,2.0,"{""2"": 1}"
coordinate with electricians,1,1,2.0,"{""2"": 1}"
coordinate with internal teams and external stakeholders,1,1,2.0,"{""2"": 1}"
coordinate with shippers,1,1,2.0,"{""2"": 1}"
coordinate with suppliers,1,1,2.0,"{""2"": 1}"
coordinate with teams,1,1,2.0,"{""2"": 1}"
"craft a polished, dynamic mobile UI",1,0,,{}
craft benchmarks,1,1,6.0,"{""6"": 1}"
craft software,1,0,,{}
craft the ultimate UX,1,1,6.0,"{""6"": 1}"
craft tools,1,1,6.0,"{""6"": 1}"
craft tools for compute developers,1,1,9.0,"{""9"": 1}"
create CI/CD pipelines,1,0,,{}
create Power BI dashboards,1,1,8.0,"{""8"": 1}"
create SOPs,1,0,,{}
create a polished office environment,1,1,2.0,"{""2"": 1}"
create an inclusive environment,1,1,6.0,"{""6"": 1}"
create application architecture,1,0,,{}
create build jobs,1,0,,{}
create business and revenue models,1,0,,{}
create content,1,0,,{}
create data processing capabilities,1,0,,{}
create design documentation,1,1,2.0,"{""2"": 1}"
create documentation,2,0,,{}
"create fun, share-worthy moments of reflection",1,0,,{}
create global offer launch preparation,1,1,6.0,"{""6"": 1}"
"create high-performing, sustainable, and award-winning buildings",1,1,6.0,"{""6"": 1}"
create industrial processes,1,1,6.0,"{""6"": 1}"
create mechanical components,1,1,9.0,"{""9"": 1}"
create operational documentation,1,0,,{}
create out-of-the-box observability,1,0,,{}
create paginated reports,1,1,8.0,"{""8"": 1}"
create personalized experiences,1,1,5.0,"{""5"": 1}"
create python code,1,0,,{}
create robust data models,1,0,,{}
create solutions,1,0,,{}
create state management,1,0,,{}
create strong delivery processes,1,1,8.0,"{""8"": 1}"
create strong documentation,1,0,,{}
create technical documentation,1,1,2.0,"{""2"": 1}"
create tests,1,0,,{}
create value for developers,1,0,,{}
create visual reports,1,1,6.0,"{""6"": 1}"
deal with complex escalated issues,1,1,6.0,"{""6"": 1}"
debug hardware,1,1,6.0,"{""6"": 1}"
debug software,1,1,9.0,"{""9"": 1}"
debug systems,1,1,2.0,"{""2"": 1}"
decide on correct procedures,1,1,2.0,"{""2"": 1}"
decouple platform from games,1,0,,{}
define architectural patterns,1,1,8.0,"{""8"": 1}"
define dependency sequencing,1,1,8.0,"{""8"": 1}"
define product vision,1,0,,{}
define requirements,1,1,5.0,"{""5"": 1}"
define service boundaries,1,1,8.0,"{""8"": 1}"
define technology strategies,1,1,2.0,"{""2"": 1}"
deliberately document for the future,1,0,,{}
deliver AI-powered products,1,0,,{}
deliver DevOps advisory,1,0,,{}
deliver Streamlit app,1,1,6.0,"{""6"": 1}"
deliver a course,1,1,6.0,"{""6"": 1}"
deliver a first class service,1,1,8.0,"{""8"": 1}"
deliver a frictionless buying experience,1,0,,{}
deliver advanced full life cycle professional and technical solutions,1,0,,{}
deliver change initiatives,1,0,,{}
deliver client solution,1,0,,{}
deliver complex CIS solutions,1,1,6.0,"{""6"": 1}"
deliver complex development programmes,1,0,,{}
deliver complex initiatives,1,0,,{}
deliver complex projects,1,0,,{}
deliver critical insights,1,1,5.0,"{""5"": 1}"
deliver decision support,1,1,5.0,"{""5"": 1}"
"deliver developments that meet commercial, technical, and design excellence",1,0,,{}
deliver digital solutions,1,0,,{}
deliver exceptional customer experience,1,0,,{}
deliver for customers,1,0,,{}
deliver functionality,1,0,,{}
"deliver gains in reliability, efficiency and sustainability",1,0,,{}
deliver growth outcomes,1,0,,{}
deliver high-performance experiences,1,0,,{}
deliver high-quality analytics,1,1,6.0,"{""6"": 1}"
deliver high-quality work,2,1,6.0,"{""6"": 1}"
deliver iOS apps,1,1,6.0,"{""6"": 1}"
deliver impactful analytics,1,0,,{}
deliver on production ownership,1,0,,{}
deliver optimal software solutions,1,1,8.0,"{""8"": 1}"
"deliver reliable, high-performance software",1,0,,{}
deliver self-service registration and governance,1,0,,{}
deliver solutions that balance user experience with developer experience,1,0,,{}
deliver technologies and solutions,1,0,,{}
deliver technology products,1,1,6.0,"{""6"": 1}"
deliver user experience,1,1,2.0,"{""2"": 1}"
deliver value,1,0,,{}
deliver value to customers,1,0,,{}
deliver value-added business analysis,1,1,6.0,"{""6"": 1}"
democratize observability,1,0,,{}
demonstrate clear written and oral communications,1,0,,{}
demonstrate strong organisational skills,1,0,,{}
demonstrate technical expertise,1,1,6.0,"{""6"": 1}"
demonstrate the product to stakeholders,1,0,,{}
demonstrate understanding of electronics principles,1,1,6.0,"{""6"": 1}"
demonstrate understanding of manufacturing services processes,1,1,6.0,"{""6"": 1}"
deploy Microsoft Intune,1,0,,{}
deploy advanced algorithms,1,1,9.0,"{""9"": 1}"
deploy application code,1,1,2.0,"{""2"": 1}"
deploy code,1,1,6.0,"{""6"": 1}"
deploy data solutions,1,1,6.0,"{""6"": 1}"
deploy embedded systems,1,1,8.0,"{""8"": 1}"
deploy high-performance data ingestion systems,1,1,6.0,"{""6"": 1}"
deploy high-scale communication systems,1,0,,{}
deploy multicast market data delivery platforms,1,0,,{}
deploy network infrastructure,1,0,,{}
deploy retrieval-enhanced LLMs and hybrid retrieval pipelines,1,1,8.0,"{""8"": 1}"
"deploy, test, or troubleshoot autonomous systems in operational environments",1,0,,{}
design AI/ML solutions,1,1,6.0,"{""6"": 1}"
design a React Native architecture,1,0,,{}
design advanced artificial intelligence solutions,1,1,6.0,"{""6"": 1}"
design and develop internal platform capabilities,1,0,,{}
design and lead projects,1,0,,{}
design architecture,1,1,6.0,"{""6"": 1}"
design audio systems,1,1,2.0,"{""2"": 1}"
design automated metadata ingestion processes,1,0,,{}
design code,1,1,6.0,"{""6"": 1}"
design commercial projects,1,1,6.0,"{""6"": 1}"
design complex CIS solutions,1,1,6.0,"{""6"": 1}"
design components,1,0,,{}
design content systems,1,1,6.0,"{""6"": 1}"
design corporate production network,1,0,,{}
design dashboards,1,0,,{}
design data solutions,1,1,6.0,"{""6"": 1}"
design data stores,1,0,,{}
design distributed systems,1,0,,{}
design elegantly,1,1,6.0,"{""6"": 1}"
design end-to-end solutions,1,0,,{}
design engineering,1,1,6.0,"{""6"": 1}"
design enterprise-grade networks,1,0,,{}
design experiences,1,0,,{}
design export flows,1,0,,{}
design high-rise residential,1,1,6.0,"{""6"": 1}"
design impactful user experiences,1,1,6.0,"{""6"": 1}"
design improvements,1,1,5.0,"{""5"": 1}"
design infrastructure,1,1,5.0,"{""5"": 1}"
design instrumentation and electrical facilities,1,1,6.0,"{""6"": 1}"
design integration solutions,1,1,6.0,"{""6"": 1}"
design internally-used digital products,1,0,,{}
design large-scale SaaS and cloud services,1,0,,{}
design lattice towers,1,0,,{}
design layout,1,1,6.0,"{""6"": 1}"
design learning experiences,1,1,6.0,"{""6"": 1}"
design mechanisms,1,1,6.0,"{""6"": 1}"
design mid-rise residential,1,1,6.0,"{""6"": 1}"
design mixed-use projects,1,1,6.0,"{""6"": 1}"
design moments that matter,1,0,,{}
"design packaging components to operate reliably in harsh, high-throughput environments",1,0,,{}
design products,1,0,,{}
design projects,1,0,,{}
design reports,1,0,,{}
design residential projects,1,1,6.0,"{""6"": 1}"
design robust evaluation frameworks,1,1,8.0,"{""8"": 1}"
design scalable real-time data streaming platforms,1,0,,{}
design schematics,1,1,6.0,"{""6"": 1}"
design software,1,1,9.0,"{""9"": 1}"
design software modules,1,0,,{}
design solutions,1,0,,{}
design systems,1,0,,{}
design systems architecture,1,0,,{}
design tools that support decision-making,1,0,,{}
design transformative technology,1,1,6.0,"{""6"": 1}"
design visualizations,1,0,,{}
determine how technology can add value to a client’s mining operation,1,0,,{}
determine proper power settings,1,1,2.0,"{""2"": 1}"
develop AI/ML solutions,1,1,6.0,"{""6"": 1}"
develop Business Intelligence solutions,1,1,8.0,"{""8"": 1}"
develop Java applications,1,0,,{}
develop Power Platform applications,1,1,2.0,"{""2"": 1}"
develop a data transformation platform,1,1,6.0,"{""6"": 1}"
develop and configure message transformations,1,1,6.0,"{""6"": 1}"
develop and configure routing logic,1,1,6.0,"{""6"": 1}"
develop and configure services,1,1,6.0,"{""6"": 1}"
develop and maintain CLI tools and packages,1,0,,{}
develop and maintain data models,1,0,,{}
develop and maintain metadata schemas,1,0,,{}
develop and maintain taxonomies,1,0,,{}
develop and operate Autonomous Underwater Vehicles (AUVs) and Autonomous Surface Vehicles (USVs),1,0,,{}
develop and operate across regions,1,0,,{}
develop and operate foundational JavaScript build systems,1,0,,{}
develop application code,1,1,2.0,"{""2"": 1}"
develop automation frameworks,1,1,6.0,"{""6"": 1}"
develop backend server,1,1,6.0,"{""6"": 1}"
develop best practices,1,1,6.0,"{""6"": 1}"
develop creatures,1,0,,{}
develop critical site functionality,1,1,8.0,"{""8"": 1}"
develop critical thinking skills,1,1,6.0,"{""6"": 1}"
develop dashboards for operations troubleshooting,1,1,6.0,"{""6"": 1}"
develop data analyses,1,0,,{}
develop data ingestion pipelines,1,0,,{}
develop data models,1,1,2.0,"{""2"": 1}"
develop data solutions,1,1,6.0,"{""6"": 1}"
develop embedded software tools,1,1,6.0,"{""6"": 1}"
develop end-to-end real-time solutions,1,0,,{}
develop enhancements to software systems,1,1,8.0,"{""8"": 1}"
develop hardware systems,1,1,6.0,"{""6"": 1}"
develop high-performance data ingestion systems,1,1,6.0,"{""6"": 1}"
develop high-quality data architecture solutions,1,0,,{}
develop infrastructure foundation,1,1,5.0,"{""5"": 1}"
develop infrastructure solutions,1,0,,{}
develop integration solutions,1,1,6.0,"{""6"": 1}"
develop interfaces between clinical and enterprise systems,1,0,,{}
"develop internal tooling, modules, and libraries",1,0,,{}
develop knowledge and experience,1,1,6.0,"{""6"": 1}"
develop learning experiences,1,1,6.0,"{""6"": 1}"
"develop low-level Linux boot, BIOS, firmware and embedded software",1,1,5.0,"{""5"": 1}"
develop mathematical models,1,1,9.0,"{""9"": 1}"
develop methods and frameworks,1,0,,{}
develop modernization plans,1,1,8.0,"{""8"": 1}"
develop new architectures,1,1,6.0,"{""6"": 1}"
develop new business opportunities,1,0,,{}
develop performance,1,1,6.0,"{""6"": 1}"
develop performance analysis capability,1,1,9.0,"{""9"": 1}"
develop process models,1,1,2.0,"{""2"": 1}"
develop product growth,1,0,,{}
develop product roadmaps,1,0,,{}
develop production-quality code,1,1,5.0,"{""5"": 1}"
develop relationships,1,0,,{}
develop reliability,1,1,6.0,"{""6"": 1}"
develop robust pipelines,1,1,6.0,"{""6"": 1}"
develop scalability,1,1,6.0,"{""6"": 1}"
develop scalable distributed systems,1,1,6.0,"{""6"": 1}"
develop scalable software,1,1,6.0,"{""6"": 1}"
develop skills,1,0,,{}
develop software,1,1,6.0,"{""6"": 1}"
develop software modules,1,0,,{}
develop solutions,1,1,6.0,"{""6"": 1}"
develop technologies,1,1,6.0,"{""6"": 1}"
develop test plans and procedures,1,1,6.0,"{""6"": 1}"
develop tools,2,2,6.0,"{""6"": 2}"
develop working web applications,1,1,6.0,"{""6"": 1}"
diagnose technical issues,1,1,6.0,"{""6"": 1}"
dig into deal mechanics,1,0,,{}
direct projects,1,0,,{}
disrupt the market,1,1,6.0,"{""6"": 1}"
dive into API design,1,0,,{}
dive into back-end logic,1,0,,{}
dive into details,1,1,6.0,"{""6"": 1}"
dive into platform-specific native code,1,0,,{}
document manufacturing processes,1,1,6.0,"{""6"": 1}"
draft architectural plans,1,0,,{}
drive a rigorous interview process,1,0,,{}
drive adoption and compliance with information security and privacy practices,1,1,6.0,"{""6"": 1}"
drive adoption of initiatives,1,0,,{}
drive business decisions,1,0,,{}
drive cross-functional teams,1,1,6.0,"{""6"": 1}"
drive delivery of AI/ML models,1,1,8.0,"{""8"": 1}"
drive delivery of functionality,1,1,8.0,"{""8"": 1}"
drive delivery of maintenance work pieces,1,1,8.0,"{""8"": 1}"
drive delivery of new features,1,1,8.0,"{""8"": 1}"
drive design of AI/ML models,1,1,8.0,"{""8"": 1}"
drive design of hardware products,1,1,6.0,"{""6"": 1}"
drive development of hardware products,1,1,6.0,"{""6"": 1}"
drive environmental ESG strategy,1,1,6.0,"{""6"": 1}"
drive forward mission,1,0,,{}
drive growth,1,0,,{}
drive high-impact projects,1,1,6.0,"{""6"": 1}"
drive higher conversion,1,0,,{}
drive impactful financial insights,1,1,5.0,"{""5"": 1}"
drive industrial components offer,1,1,6.0,"{""6"": 1}"
drive innovation,6,3,6.0,"{""6"": 2, ""8"": 1}"
drive iteration of hardware products,1,1,6.0,"{""6"": 1}"
drive lasting growth,1,0,,{}
drive positive impact,1,1,6.0,"{""6"": 1}"
drive proactive maintenance,1,1,5.0,"{""5"": 1}"
drive product from conception to rollout,1,1,8.0,"{""8"": 1}"
drive progress and efficiency,1,1,8.0,"{""8"": 1}"
drive progress toward better maintainability,1,0,,{}
drive strategic growth,1,1,6.0,"{""6"": 1}"
drive success of developer experience program,1,0,,{}
drive successful delivery of a portfolio of developments,1,0,,{}
drive the automation and optimization of operations,1,0,,{}
drive user acquisition,1,0,,{}
drive user activation,1,0,,{}
drive user monetization,1,0,,{}
drive user retention,1,0,,{}
edit video content,1,1,5.0,"{""5"": 1}"
elevate conversations,1,1,6.0,"{""6"": 1}"
eliminate manual tasks,1,1,5.0,"{""5"": 1}"
embed AI capabilities,1,0,,{}
embed expertise into product development,1,1,6.0,"{""6"": 1}"
embed governance,1,0,,{}
embed knowledge into code,1,0,,{}
embed modern DevOps practices,1,0,,{}
embrace diverse backgrounds,1,1,6.0,"{""6"": 1}"
empower engineers,1,1,5.0,"{""5"": 1}"
empower non-technical teams,1,0,,{}
"enable adoption, acceleration, and innovation",1,0,,{}
enable and multiply force,1,0,,{}
enable enterprise adoption of technologies,1,1,5.0,"{""5"": 1}"
enable internal developers to ship features quickly and safely,1,0,,{}
enable meaningful work,1,0,,{}
enable technology,1,1,2.0,"{""2"": 1}"
engage in active learning,1,1,6.0,"{""6"": 1}"
engage in confidential conversations,1,0,,{}
engage stakeholders,1,0,,{}
engage technical teams and business stakeholders,1,0,,{}
engage with stakeholders,1,0,,{}
enhance Power Platform applications,1,1,2.0,"{""2"": 1}"
enhance internally-used digital products,1,0,,{}
enhance large-scale systems,1,1,6.0,"{""6"": 1}"
enhance logistics and integrated value,1,1,6.0,"{""6"": 1}"
enhance performance of data solutions,1,1,5.0,"{""5"": 1}"
enhance platform performance,1,1,6.0,"{""6"": 1}"
enhance platform scalability,1,1,6.0,"{""6"": 1}"
enhance reliability of data solutions,1,1,5.0,"{""5"": 1}"
enhance technology products,1,1,6.0,"{""6"": 1}"
ensure SLAs are met,1,1,5.0,"{""5"": 1}"
ensure Stratum’s goals are aligned,1,0,,{}
ensure access to products through sales channel mix,1,1,5.0,"{""5"": 1}"
ensure accurate documentation,1,0,,{}
ensure accurate records,1,1,6.0,"{""6"": 1}"
ensure alignment with product vision,1,1,6.0,"{""6"": 1}"
ensure alignment with user experience,1,1,6.0,"{""6"": 1}"
ensure best practices are baked in by default,1,0,,{}
ensure cameras operate flawlessly,1,0,,{}
ensure cohesive delivery across the team,1,1,6.0,"{""6"": 1}"
ensure compliance with quality standards,1,1,6.0,"{""6"": 1}"
ensure compliance with statutes,1,1,6.0,"{""6"": 1}"
ensure confidentiality of sensitive information,1,1,2.0,"{""2"": 1}"
ensure consistent delivery of high-quality retirement communities,1,0,,{}
ensure critical business activities are achieved,1,0,,{}
ensure cultural responsiveness,1,1,6.0,"{""6"": 1}"
ensure data integrity,1,0,,{}
"ensure developments are commercially viable, technically robust, and aligned with customer proposition",1,0,,{}
ensure effective project delivery,1,1,5.0,"{""5"": 1}"
ensure high-performance communications,1,1,6.0,"{""6"": 1}"
ensure high-quality delivery through functional design,1,0,,{}
ensure high-quality delivery through systematic testing,1,0,,{}
ensure high-quality project delivery,1,1,6.0,"{""6"": 1}"
"ensure high-quality, scalable solutions",1,0,,{}
ensure integrity of financial information,1,1,6.0,"{""6"": 1}"
ensure issue resolution,1,1,5.0,"{""5"": 1}"
ensure lighting operates flawlessly,1,0,,{}
ensure microphones operate flawlessly,1,0,,{}
ensure mission success,1,0,,{}
ensure network fabrics and devices operate as expected,1,0,,{}
ensure on-time delivery,1,1,8.0,"{""8"": 1}"
ensure optimal customer experience,1,1,5.0,"{""5"": 1}"
ensure optimal inventory levels,1,1,5.0,"{""5"": 1}"
ensure optimal performance,1,1,6.0,"{""6"": 1}"
ensure pedagogical soundness,1,1,6.0,"{""6"": 1}"
ensure planning function excellence,1,0,,{}
ensure platforms are production ready,1,1,5.0,"{""5"": 1}"
"ensure portfolio progresses in accordance with programme, investment strategy, and quality standards",1,0,,{}
ensure privacy compliance,1,0,,{}
ensure process readiness,1,1,6.0,"{""6"": 1}"
ensure production software operates flawlessly,1,0,,{}
ensure products are reliable and safe,1,1,6.0,"{""6"": 1}"
ensure products meet customer specifications,1,1,6.0,"{""6"": 1}"
ensure products meet standards,1,1,6.0,"{""6"": 1}"
"ensure projects are delivered safely, efficiently, and in line with commercial objectives",1,0,,{}
ensure quality and regulatory compliance,1,0,,{}
ensure quality control,1,0,,{}
ensure regulatory compliance,2,1,6.0,"{""6"": 1}"
ensure reliable communications,1,1,6.0,"{""6"": 1}"
ensure reliable integration architecture,1,1,6.0,"{""6"": 1}"
ensure safety is baked in by default,1,0,,{}
ensure scalable integration architecture,1,1,6.0,"{""6"": 1}"
ensure seamless building,1,0,,{}
ensure seamless deployment,1,0,,{}
ensure seamless execution of live performances,1,1,2.0,"{""2"": 1}"
ensure seamless integration,1,0,,{}
ensure seamless testing,1,0,,{}
ensure secure integration architecture,1,1,6.0,"{""6"": 1}"
ensure security is baked in by default,1,0,,{}
ensure smooth running of department,1,1,2.0,"{""2"": 1}"
"ensure strong performance, collaboration, and accountability",1,0,,{}
ensure successful adoption of platforms,1,0,,{}
ensure superior sound quality,1,1,2.0,"{""2"": 1}"
ensure system stability,1,0,,{}
ensure system success,1,1,6.0,"{""6"": 1}"
ensure the EPR solution complies with safety and governance requirements,1,0,,{}
ensure the EPR solution meets user needs,1,0,,{}
ensure user adoption,1,0,,{}
escalate issues,1,1,2.0,"{""2"": 1}"
establish and implement security solutions,1,1,6.0,"{""6"": 1}"
establish automated mobile CI/CD pipelines,1,0,,{}
establish key financial targets,1,1,6.0,"{""6"": 1}"
evaluate Stratum models,1,0,,{}
evaluate clients existing Kriging models,1,0,,{}
evaluate competitive bids,1,1,6.0,"{""6"": 1}"
evaluate eligibility for positions,1,1,2.0,"{""2"": 1}"
evaluate proposed software changes,1,0,,{}
evaluate vendor capabilities,1,1,5.0,"{""5"": 1}"
evolve data center design,1,0,,{}
evolve interfaces,1,0,,{}
evolve patterns and components,1,0,,{}
exceed expectations,1,0,,{}
exceed sales expectations,1,0,,{}
execute a plan for net zero emissions,1,1,6.0,"{""6"": 1}"
execute administrative HR functions,1,0,,{}
execute business strategy,1,1,6.0,"{""6"": 1}"
execute design and production effort,1,0,,{}
execute engineering activities,1,1,6.0,"{""6"": 1}"
execute engineering tasks,1,1,6.0,"{""6"": 1}"
execute go-to-market,1,0,,{}
execute ideas,1,1,6.0,"{""6"": 1}"
execute inform/awareness activities,1,1,5.0,"{""5"": 1}"
execute on opportunities,1,0,,{}
execute onboarding functions,1,0,,{}
execute recruitment functions,1,0,,{}
execute standard engineering projects,1,1,6.0,"{""6"": 1}"
execute strategies,1,0,,{}
execute targeted headhunting campaigns,1,0,,{}
execute test plans and procedures,1,1,6.0,"{""6"": 1}"
expand sales operations,1,0,,{}
experience energy projects,1,1,6.0,"{""6"": 1}"
experience structural engineering,1,1,6.0,"{""6"": 1}"
explain mobile-specific constraints to designers,1,0,,{}
explain solutions and products,1,1,5.0,"{""5"": 1}"
explain strategic goals to other engineers,1,0,,{}
explore diverse interests,1,1,6.0,"{""6"": 1}"
explore what's possible on mobile,1,0,,{}
extend skills beyond formal role boundaries,1,1,6.0,"{""6"": 1}"
facilitate Agile ceremonies,1,1,2.0,"{""2"": 1}"
facilitate annual planning cycle,1,0,,{}
facilitate backlog grooming,1,1,2.0,"{""2"": 1}"
facilitate communication,1,1,6.0,"{""6"": 1}"
facilitate positive relationships,1,0,,{}
filter out individuals who may misrepresent themselves,1,1,6.0,"{""6"": 1}"
filter out sellers by digging into their process,1,0,,{}
fix technical issues,1,1,6.0,"{""6"": 1}"
focus on advanced modelling,1,1,8.0,"{""8"": 1}"
focus on applied research,1,1,8.0,"{""8"": 1}"
focus on automation,2,1,5.0,"{""5"": 1}"
"focus on automation, resiliency, availability, scalability, and performance",1,0,,{}
focus on cross-functional collaboration,1,0,,{}
focus on customers,1,0,,{}
focus on instrumentation,1,1,5.0,"{""5"": 1}"
focus on lifecycle ownership,1,0,,{}
focus on operational readiness,1,1,5.0,"{""5"": 1}"
focus on process automation,1,0,,{}
focus on process reengineering,1,0,,{}
focus on production delivery,1,1,8.0,"{""8"": 1}"
focus on scalability,1,1,5.0,"{""5"": 1}"
focus on security,1,1,5.0,"{""5"": 1}"
focus on stability,1,1,5.0,"{""5"": 1}"
focus on user-centric design,1,0,,{}
follow company grooming standards,1,0,,{}
follow established best practices and design patterns,1,0,,{}
follow through on tasks,1,1,2.0,"{""2"": 1}"
formulate important insights,1,1,6.0,"{""6"": 1}"
foster a culture of accountability,1,0,,{}
foster a culture of continuous improvement,1,0,,{}
foster a culture of customer success,1,0,,{}
foster inclusion,1,1,6.0,"{""6"": 1}"
gain hands-on industrial experience,1,0,,{}
gather data on improvement performance,1,1,6.0,"{""6"": 1}"
gather requirements,2,0,,{}
generate growth,1,0,,{}
generate insights,1,0,,{}
go above and beyond to help customers,1,0,,{}
govern processes,1,1,6.0,"{""6"": 1}"
govern projects,1,0,,{}
grow a team,1,0,,{}
grow collection,1,0,,{}
grow professionally,2,1,6.0,"{""6"": 1}"
grow relationships with clients,1,1,8.0,"{""8"": 1}"
grow the team and platform,1,1,6.0,"{""6"": 1}"
guide a team of developers,1,0,,{}
"guide a team through designing and implementing websites, applications and mobile apps",1,1,6.0,"{""6"": 1}"
guide customers,1,0,,{}
guide engineers,1,0,,{}
guide other team members,1,1,6.0,"{""6"": 1}"
guide platform evolution,1,1,8.0,"{""8"": 1}"
handle acoustic tracking,1,1,8.0,"{""8"": 1}"
handle and manage confidential information,1,1,8.0,"{""8"": 1}"
handle complex buyers,1,1,6.0,"{""6"": 1}"
handle complex issues,1,1,5.0,"{""5"": 1}"
handle complex pricing,1,1,6.0,"{""6"": 1}"
handle complex workflows,1,1,6.0,"{""6"": 1}"
handle complexity for developers,1,0,,{}
handle customer requests,1,0,,{}
handle multi-source data,1,1,8.0,"{""8"": 1}"
handle scale,1,1,6.0,"{""6"": 1}"
help advisors transform operations,1,1,6.0,"{""6"": 1}"
help customers build homes,1,0,,{}
help customers consume products,1,0,,{}
help customers modernize,1,0,,{}
help define data product taxonomies and ownership,1,0,,{}
help identify opportunities for automation,1,1,6.0,"{""6"": 1}"
help organisations make informed business decisions,1,1,6.0,"{""6"": 1}"
help shape future direction,1,0,,{}
help shape future infrastructure,1,0,,{}
help to embed Modern Methods of Construction (MMC),1,0,,{}
hire skilled professionals,1,0,,{}
identify areas for development,1,0,,{}
identify areas for improvement,1,0,,{}
identify basic configuration issues,1,1,6.0,"{""6"": 1}"
identify content,1,0,,{}
identify corrective actions,1,1,6.0,"{""6"": 1}"
identify defect trends,1,1,5.0,"{""5"": 1}"
identify defects during the testing process,1,1,6.0,"{""6"": 1}"
identify false positives,1,1,6.0,"{""6"": 1}"
identify hardening requirements,1,1,6.0,"{""6"": 1}"
identify improvement opportunities,1,0,,{}
identify issues related to outstanding payments,1,0,,{}
identify new business opportunities,1,0,,{}
identify opportunities,1,0,,{}
identify potential CAT I/II/III findings,1,1,6.0,"{""6"": 1}"
identify sales opportunities,1,1,3.0,"{""3"": 1}"
implement CI/CD for data pipelines,1,0,,{}
implement SCCM Intune co-management,1,0,,{}
implement Windows Autopilot,1,0,,{}
implement agentic AI technologies,1,0,,{}
implement changes,1,1,6.0,"{""6"": 1}"
implement consistency improvements,1,1,6.0,"{""6"": 1}"
implement corporate production network,1,0,,{}
implement critical data architecture solutions,1,0,,{}
implement customizations,1,0,,{}
implement data aggregation,1,0,,{}
implement data collection,1,0,,{}
implement data display,1,0,,{}
implement data exploitation,1,0,,{}
implement data fusion,1,0,,{}
implement data interfacing,1,0,,{}
implement effective caching strategies,1,0,,{}
implement enterprise-grade networks,1,0,,{}
implement generative AI technologies,1,0,,{}
implement improvements,1,1,5.0,"{""5"": 1}"
implement mathematical models,1,1,9.0,"{""9"": 1}"
implement monitoring,1,1,6.0,"{""6"": 1}"
implement new projects,1,0,,{}
implement process improvements,1,1,6.0,"{""6"": 1}"
implement robust alerting,1,1,6.0,"{""6"": 1}"
implement robust monitoring,1,1,6.0,"{""6"": 1}"
implement robust observability,1,1,6.0,"{""6"": 1}"
implement solutions,1,1,5.0,"{""5"": 1}"
implement systems,1,0,,{}
improve Ubuntu,1,1,2.0,"{""2"": 1}"
improve components,1,0,,{}
improve developer workflows,1,0,,{}
improve network programmability,1,1,6.0,"{""6"": 1}"
improve operational readiness,1,0,,{}
improve pneumatic ejection performance,1,0,,{}
improve product outcomes,1,0,,{}
improve stability,1,1,6.0,"{""6"": 1}"
improve user experience,1,0,,{}
increase deployment consistency,1,1,5.0,"{""5"": 1}"
influence company strategy,1,0,,{}
influence decision-making,1,0,,{}
influence high-level strategies,1,1,5.0,"{""5"": 1}"
influence product development,1,1,6.0,"{""6"": 1}"
influence technical direction,1,0,,{}
inform campaign decisions,1,0,,{}
inform marketing strategies,1,0,,{}
inform product decisions,1,0,,{}
innovate,1,1,6.0,"{""6"": 1}"
innovate AI-enabled workflows,1,0,,{}
innovate CI/CD pipelines,1,0,,{}
innovate developer environments,1,0,,{}
innovate developer tooling,1,0,,{}
innovate new solutions,1,1,6.0,"{""6"": 1}"
innovate next big features in tools,1,1,9.0,"{""9"": 1}"
innovate solutions,1,1,6.0,"{""6"": 1}"
innovate value,1,0,,{}
input data,1,0,,{}
install audio systems,1,1,2.0,"{""2"": 1}"
install plugins,1,0,,{}
integrate AI,1,0,,{}
integrate AI across ecosystems,1,0,,{}
integrate DevOps methodologies into development and deployment workflows,1,0,,{}
integrate Intune with other services,1,0,,{}
integrate actuators,1,1,6.0,"{""6"": 1}"
integrate content,1,0,,{}
integrate hardware systems,1,1,6.0,"{""6"": 1}"
"integrate health, safety and environmental considerations into work",1,1,6.0,"{""6"": 1}"
integrate mathematical research,1,1,9.0,"{""9"": 1}"
integrate sensors,1,1,6.0,"{""6"": 1}"
integrate the catalog with various data services,1,0,,{}
integrate valves,1,1,6.0,"{""6"": 1}"
integrate with APIs,1,0,,{}
integrate with REST/GraphQL APIs,1,0,,{}
integrate with other tools,1,0,,{}
integrate with source control systems,1,0,,{}
interact with managed service providers,1,1,5.0,"{""5"": 1}"
interact with other teams,1,1,9.0,"{""9"": 1}"
interact with vendors,1,1,5.0,"{""5"": 1}"
interface with business continuity plan management,1,1,2.0,"{""2"": 1}"
interface with cross-functional teams,1,1,2.0,"{""2"": 1}"
interface with customers,1,1,2.0,"{""2"": 1}"
interpret complex datasets,1,1,6.0,"{""6"": 1}"
interpret design and production effort,1,0,,{}
interpret technical vulnerability data,1,1,6.0,"{""6"": 1}"
isolate technical issues,1,1,6.0,"{""6"": 1}"
lead ServiceNow programme delivery,1,0,,{}
lead Severe Storm planning,1,1,2.0,"{""2"": 1}"
lead VXLAN deployments,1,0,,{}
lead a group of applied scientists,1,1,8.0,"{""8"": 1}"
lead a stream of work,1,0,,{}
lead a team,3,2,6.0,"{""6"": 2}"
lead complex technical initiatives,1,0,,{}
lead data scientists,1,1,8.0,"{""8"": 1}"
lead design and delivery of integration architectures,1,0,,{}
lead design efforts,1,1,6.0,"{""6"": 1}"
lead design of cloud-based platforms,1,0,,{}
lead development team,1,0,,{}
lead engineering teams,1,1,8.0,"{""8"": 1}"
lead enterprise automation initiatives,1,1,5.0,"{""5"": 1}"
lead evolution of cloud-based platforms,1,0,,{}
lead financial modeling,1,0,,{}
lead forecasting,1,0,,{}
lead forecasting efforts,1,1,8.0,"{""8"": 1}"
lead implementation of cloud-based platforms,1,0,,{}
lead implementation of integration projects,1,1,6.0,"{""6"": 1}"
lead initiatives,1,1,6.0,"{""6"": 1}"
lead investigations,1,1,6.0,"{""6"": 1}"
lead large features from idea to launch,1,1,6.0,"{""6"": 1}"
lead mechanical design,1,1,6.0,"{""6"": 1}"
lead multidisciplinary teams and external partners,1,0,,{}
lead performance analysis,1,0,,{}
lead planning capability,1,0,,{}
lead problem resolution efforts,1,1,2.0,"{""2"": 1}"
lead product development,1,0,,{}
lead product engineering efforts,1,1,6.0,"{""6"": 1}"
lead project meetings,1,1,2.0,"{""2"": 1}"
lead project work streams,1,0,,{}
lead projects,1,0,,{}
lead regional development function,1,0,,{}
lead research,1,1,9.0,"{""9"": 1}"
lead solution architecture,1,1,2.0,"{""2"": 1}"
lead solution design,1,0,,{}
lead solution-architecture initiatives,1,1,3.0,"{""3"": 1}"
lead teams,1,1,8.0,"{""8"": 1}"
lead teams committed to customer impact,1,1,8.0,"{""8"": 1}"
lead teams committed to quality,1,1,8.0,"{""8"": 1}"
lead teams committed to velocity,1,1,8.0,"{""8"": 1}"
lead technical investigations,1,1,6.0,"{""6"": 1}"
lead the join experience,1,0,,{}
lead with empathy,1,0,,{}
learn customer language and industries,1,1,5.0,"{""5"": 1}"
learn from each other,1,1,6.0,"{""6"": 1}"
learn how to deploy and secure systems,1,0,,{}
learn more about company operations,1,1,6.0,"{""6"": 1}"
learn new skills,1,0,,{}
learn new technologies,1,0,,{}
learn plant design,1,0,,{}
learn skills beyond formal role boundaries,1,1,6.0,"{""6"": 1}"
leverage Azure data platforms,1,1,8.0,"{""8"": 1}"
"leverage Java to deliver reliable, scalable solutions",1,0,,{}
"leverage JavaScript to deliver reliable, scalable solutions",1,0,,{}
leverage MS Purview,1,1,8.0,"{""8"": 1}"
leverage Python for solutions,1,1,6.0,"{""6"": 1}"
leverage SQL for solutions,1,1,6.0,"{""6"": 1}"
leverage collective knowledge of sustainable spaces,1,1,6.0,"{""6"": 1}"
leverage data to showcase transformational value,1,0,,{}
"leverage modern frameworks to deliver reliable, scalable solutions",1,0,,{}
leveraging AI to generate insights,1,1,8.0,"{""8"": 1}"
liaise with Business Development team,1,0,,{}
liaise with allied health care team members,1,0,,{}
liaise with clinic team members,1,0,,{}
liaise with learners,1,0,,{}
liaise with research staff,1,0,,{}
license content,1,0,,{}
look after network and tools,1,0,,{}
maintain 24x7x365 network infrastructure,1,0,,{}
maintain AV equipment,1,1,5.0,"{""5"": 1}"
maintain Business Intelligence solutions,1,1,8.0,"{""8"": 1}"
maintain HR software,1,0,,{}
maintain ML pipelines,1,1,6.0,"{""6"": 1}"
maintain Operations and Data Center checklists,1,1,2.0,"{""2"": 1}"
maintain activity tracking databases,1,0,,{}
maintain additional rack power,1,1,2.0,"{""2"": 1}"
maintain and enhance existing platforms,1,0,,{}
maintain and operate procedures,1,1,8.0,"{""8"": 1}"
maintain appearance of shared spaces,1,1,2.0,"{""2"": 1}"
maintain automated test scripts,1,1,6.0,"{""6"": 1}"
maintain consistency across product ecosystem,1,0,,{}
maintain cybersecurity compliances,1,0,,{}
maintain cybersecurity standards,1,0,,{}
maintain data models,1,1,2.0,"{""2"": 1}"
maintain documentation,2,1,6.0,"{""6"": 1}"
maintain equipment,1,1,6.0,"{""6"": 1}"
maintain exceptional attention to detail,1,1,6.0,"{""6"": 1}"
maintain flexibility in scheduling,1,1,2.0,"{""2"": 1}"
maintain high attention to detail,1,0,,{}
maintain hybrid cloud environment,1,1,5.0,"{""5"": 1}"
maintain infrastructure foundation,1,1,5.0,"{""5"": 1}"
maintain interfaces between clinical and enterprise systems,1,0,,{}
maintain internal management platform,1,0,,{}
maintain inventory levels in supply chain,1,1,5.0,"{""5"": 1}"
maintain leading class security practices,1,1,6.0,"{""6"": 1}"
maintain or write plugins for tools,1,0,,{}
maintain performance,1,1,6.0,"{""6"": 1}"
maintain process models,1,1,2.0,"{""2"": 1}"
maintain production efficiency,1,1,6.0,"{""6"": 1}"
maintain professional boundaries,1,1,8.0,"{""8"": 1}"
maintain readiness,1,1,5.0,"{""5"": 1}"
maintain records,1,1,2.0,"{""2"": 1}"
maintain reliability,1,1,6.0,"{""6"": 1}"
maintain scalability,1,1,6.0,"{""6"": 1}"
make a positive impact,1,0,,{}
make an impact at every level of society,1,1,6.0,"{""6"": 1}"
make an impact that matters,1,0,,{}
make automated network changes,1,1,6.0,"{""6"": 1}"
make database management effortless,1,0,,{}
"make digital products more intuitive, easy to use, and aesthetically pleasing",1,1,6.0,"{""6"": 1}"
make meaningful contributions,1,1,6.0,"{""6"": 1}"
make minor adjustments to process,1,1,2.0,"{""2"": 1}"
make observability effortless,1,0,,{}
"make practical, real-world decisions",1,1,6.0,"{""6"": 1}"
manage ServiceNow implementations,1,0,,{}
manage Windows devices,1,0,,{}
manage a team,1,0,,{}
manage agency contracting,1,1,6.0,"{""6"": 1}"
manage agency purchasing,1,1,6.0,"{""6"": 1}"
manage alerting,1,1,5.0,"{""5"": 1}"
manage backup plans,1,1,5.0,"{""5"": 1}"
manage build jobs,1,0,,{}
manage calendars,1,0,,{}
manage client issues,1,1,8.0,"{""8"": 1}"
manage client relationships,1,1,8.0,"{""8"": 1}"
manage clinic schedules,1,0,,{}
manage cloud infrastructure,1,0,,{}
manage cross-functional delivery,1,0,,{}
manage customer service,1,1,5.0,"{""5"": 1}"
manage databases,1,1,8.0,"{""8"": 1}"
manage delivery governance,1,0,,{}
manage demand planning,1,1,5.0,"{""5"": 1}"
manage device lifecycle,1,0,,{}
manage disaster recovery plans,1,1,5.0,"{""5"": 1}"
manage employee data,1,0,,{}
manage employee engagement,1,0,,{}
manage enterprise-grade networks,1,0,,{}
manage environmental performance,1,1,6.0,"{""6"": 1}"
manage facility operations,1,1,6.0,"{""6"": 1}"
manage failover plans,1,1,5.0,"{""5"": 1}"
manage forecasting,1,1,5.0,"{""5"": 1}"
manage heat transfer applications,1,1,6.0,"{""6"": 1}"
manage infrastructure,1,0,,{}
manage inventory management,1,1,5.0,"{""5"": 1}"
manage large CAD databases,1,1,6.0,"{""6"": 1}"
manage learner schedules,1,0,,{}
manage modern endpoint management solutions,1,0,,{}
manage multiple priorities,1,1,2.0,"{""2"": 1}"
manage network switches,1,1,6.0,"{""6"": 1}"
manage organisational change,1,0,,{}
manage payroll,1,0,,{}
manage performance,1,0,,{}
manage product lifecycle,1,0,,{}
manage programming projects,1,1,2.0,"{""2"": 1}"
manage projects,2,1,9.0,"{""9"": 1}"
manage recruitment,1,0,,{}
manage relationships,1,0,,{}
manage releases,1,0,,{}
manage scalable real-time data streaming platforms,1,0,,{}
manage scheduling,1,0,,{}
manage source control,1,0,,{}
manage stakeholder communication,1,1,8.0,"{""8"": 1}"
manage stakeholders,1,0,,{}
manage thermal management,1,1,6.0,"{""6"": 1}"
manage time,2,2,2.0,"{""2"": 1, ""6"": 1}"
manage training,1,0,,{}
manage vendor relationships,1,1,6.0,"{""6"": 1}"
manage work of other employees,1,1,5.0,"{""5"": 1}"
manipulate the Document Object Model,1,1,6.0,"{""6"": 1}"
manufacture products,1,0,,{}
map out competitor sales organisations,1,0,,{}
maximize resource development,1,1,6.0,"{""6"": 1}"
measure data-driven insights,1,0,,{}
measure key financial targets,1,1,6.0,"{""6"": 1}"
meet engineering specifications,1,1,2.0,"{""2"": 1}"
meet evolving customer needs,1,1,6.0,"{""6"": 1}"
meet evolving operational needs,1,1,6.0,"{""6"": 1}"
meet evolving regulatory needs,1,1,6.0,"{""6"": 1}"
meet production requirements,1,1,2.0,"{""2"": 1}"
mentor junior developers,1,1,6.0,"{""6"": 1}"
mentor junior staff,2,2,6.0,"{""6"": 2}"
mentor other recruiters,1,0,,{}
mentor other team members,1,1,6.0,"{""6"": 1}"
mentor students,1,1,9.0,"{""9"": 1}"
mentor subordinate group,1,1,5.0,"{""5"": 1}"
mentor team members,1,1,6.0,"{""6"": 1}"
mentor top talent,1,1,8.0,"{""8"": 1}"
migrate applications from SCCM to Intune,1,0,,{}
minimize downtime,1,1,6.0,"{""6"": 1}"
mix sound through a mixing console,1,1,5.0,"{""5"": 1}"
model content metadata,1,1,6.0,"{""6"": 1}"
model core values in client interactions,1,1,6.0,"{""6"": 1}"
modify CI/CD pipelines,1,0,,{}
monitor DRC runs,1,1,6.0,"{""6"": 1}"
monitor IT Change Management,1,1,2.0,"{""2"": 1}"
monitor SLIs,1,1,5.0,"{""5"": 1}"
monitor deliveries,1,1,2.0,"{""2"": 1}"
monitor disclosure requirements,1,1,6.0,"{""6"": 1}"
monitor emerging environmental regulations,1,1,6.0,"{""6"": 1}"
monitor environmental best practices,1,1,6.0,"{""6"": 1}"
monitor integration services,1,1,6.0,"{""6"": 1}"
monitor inventory and place orders,1,1,2.0,"{""2"": 1}"
monitor middleware performance,1,1,6.0,"{""6"": 1}"
monitor priorities,1,1,2.0,"{""2"": 1}"
monitor progress of change activity,1,0,,{}
monitor progress of impact assessments,1,0,,{}
monitor system health,1,0,,{}
motivate other team members,1,1,6.0,"{""6"": 1}"
"move projects through client plant design, build, factory acceptance testing, and installation",1,0,,{}
multi task and meet deadlines,1,1,8.0,"{""8"": 1}"
navigate ambiguity,1,1,6.0,"{""6"": 1}"
navigate complex design obstacles,1,0,,{}
navigate unexpected challenges,1,1,6.0,"{""6"": 1}"
negotiate SLOs,1,1,5.0,"{""5"": 1}"
network with peers,1,1,6.0,"{""6"": 1}"
obtain certifications,1,0,,{}
operate AI-enabled workflows,1,0,,{}
operate AV equipment,1,1,5.0,"{""5"": 1}"
operate CI/CD pipelines,1,0,,{}
operate CNC machines,1,1,2.0,"{""2"": 1}"
operate Docker,1,0,,{}
operate EDM machines,1,1,2.0,"{""2"": 1}"
operate Kubernetes,1,0,,{}
operate SCCM Intune co-management,1,0,,{}
operate advanced artificial intelligence solutions,1,1,6.0,"{""6"": 1}"
operate audio systems for concerts and events,1,1,2.0,"{""2"": 1}"
operate code,1,1,6.0,"{""6"": 1}"
operate data solutions,1,1,6.0,"{""6"": 1}"
operate data stores,1,0,,{}
operate distributed systems,2,1,6.0,"{""6"": 1}"
operate in structured quarterly reporting cycles,1,0,,{}
operate large-scale SaaS and cloud services,1,0,,{}
optimise marketing investment,1,1,6.0,"{""6"": 1}"
optimise the funnel,1,0,,{}
optimize CNC machining operations,1,1,2.0,"{""2"": 1}"
optimize frameworks,1,1,6.0,"{""6"": 1}"
optimize global offer launch preparation,1,1,6.0,"{""6"": 1}"
optimize iOS apps,1,1,6.0,"{""6"": 1}"
optimize industrial processes,1,1,6.0,"{""6"": 1}"
optimize integration services,1,1,6.0,"{""6"": 1}"
optimize middleware performance,1,1,6.0,"{""6"": 1}"
optimize money movements and foreign exchange,1,1,6.0,"{""6"": 1}"
"optimize performance of bundlers, linters, and formatters",1,0,,{}
optimize platform and sub-systems,1,1,6.0,"{""6"": 1}"
optimize systems,1,1,6.0,"{""6"": 1}"
optimize technical solutions,1,1,5.0,"{""5"": 1}"
orchestrate CI/CD,1,0,,{}
orchestrate complex ecosystems,1,0,,{}
order additional rack power,1,1,2.0,"{""2"": 1}"
organize design and production effort,1,0,,{}
organize tasks and processes,1,1,2.0,"{""2"": 1}"
organize visually-complex information,1,1,6.0,"{""6"": 1}"
organize work,1,0,,{}
organize work and processes,1,1,8.0,"{""8"": 1}"
oversee UPS,1,1,2.0,"{""2"": 1}"
oversee agency fixed assets,1,1,6.0,"{""6"": 1}"
oversee all aspects of mineral resource evaluation,1,0,,{}
oversee broadcast operations,1,1,6.0,"{""6"": 1}"
oversee daily operations,1,1,6.0,"{""6"": 1}"
oversee development of contracts,1,1,6.0,"{""6"": 1}"
oversee environmental monitoring,1,1,2.0,"{""2"": 1}"
oversee intercom and communications systems,1,1,6.0,"{""6"": 1}"
"oversee management of architects, consultants, and professional partners",1,0,,{}
"oversee progression of multiple developments from acquisition through planning, design development, and construction",1,0,,{}
oversee technology platforms,1,1,5.0,"{""5"": 1}"
own CAD,1,1,6.0,"{""6"": 1}"
own CI/CD pipelines,1,0,,{}
own business strategy,1,0,,{}
own code lifecycle,1,1,6.0,"{""6"": 1}"
own critical aspects of electrical architecture,1,1,6.0,"{""6"": 1}"
own critical aspects of electrical implementation,1,1,6.0,"{""6"": 1}"
own customer inform/awareness activities,1,1,5.0,"{""5"": 1}"
own digital signal processing stack,1,1,8.0,"{""8"": 1}"
own feature execution and delivery,1,1,8.0,"{""8"": 1}"
own product strategy,1,0,,{}
own project lifecycle,1,1,6.0,"{""6"": 1}"
own technology strategy,1,1,8.0,"{""8"": 1}"
own the backlog,1,0,,{}
own the hiring strategy,1,0,,{}
own the roadmap,1,0,,{}
own the service level of a platform,1,0,,{}
package applications for Intune,1,0,,{}
package electronics,1,1,6.0,"{""6"": 1}"
participate across many different activities,1,1,6.0,"{""6"": 1}"
participate in C-suite discussions,1,0,,{}
participate in audits,1,0,,{}
participate in building software,1,0,,{}
participate in code reviews,2,2,6.0,"{""6"": 2}"
participate in continuous improvement initiatives,1,1,6.0,"{""6"": 1}"
participate in design and development,1,1,6.0,"{""6"": 1}"
participate in design work,1,1,6.0,"{""6"": 1}"
participate in inter-agency workgroups,1,1,2.0,"{""2"": 1}"
participate in on-call rotation,1,1,6.0,"{""6"": 1}"
participate in project lifecycle,1,0,,{}
participate in user story development,1,1,2.0,"{""2"": 1}"
partner closely with Engineering and Information Security peers,1,0,,{}
partner with communications committee,1,1,5.0,"{""5"": 1}"
partner with customers,1,0,,{}
partner with data scientists,1,0,,{}
partner with engineers,2,0,,{}
partner with publishing services manager,1,1,5.0,"{""5"": 1}"
partner with sales leadership,1,0,,{}
partner with the Lead Information Architect,1,0,,{}
patch assembly code on CPUs or GPUs,1,1,9.0,"{""9"": 1}"
pay strong attention to detail,1,1,2.0,"{""2"": 1}"
perceive context in virtual environments,1,1,6.0,"{""6"": 1}"
perform analysis,1,1,6.0,"{""6"": 1}"
perform calculation,1,1,6.0,"{""6"": 1}"
perform data analysis,1,0,,{}
perform periodic checks on equipment,1,1,2.0,"{""2"": 1}"
perform precision EDM work,1,1,2.0,"{""2"": 1}"
perform secretarial and clerical duties,1,1,8.0,"{""8"": 1}"
perform simulation,1,1,6.0,"{""6"": 1}"
perform system analysis,1,1,2.0,"{""2"": 1}"
perform technical support duties,1,0,,{}
perform technical work,1,1,6.0,"{""6"": 1}"
perform testing,2,1,6.0,"{""6"": 1}"
pinpoint areas of improvement,1,1,6.0,"{""6"": 1}"
pioneer intelligent discovery experiences,1,1,8.0,"{""8"": 1}"
plan environments,1,1,5.0,"{""5"": 1}"
plan for the future,1,1,6.0,"{""6"": 1}"
plan ports needed for servers,1,1,2.0,"{""2"": 1}"
plan setup and sequence of operations,1,1,2.0,"{""2"": 1}"
plan studies,1,0,,{}
play a pivotal role in projects,1,0,,{}
play a team lead role,1,1,6.0,"{""6"": 1}"
power business owners,1,1,6.0,"{""6"": 1}"
power creative thinkers,1,1,6.0,"{""6"": 1}"
power entrepreneurs,1,1,6.0,"{""6"": 1}"
power innovators,1,1,6.0,"{""6"": 1}"
prepare external environmental reports,1,1,6.0,"{""6"": 1}"
prepare information for electrode construction,1,1,2.0,"{""2"": 1}"
present directly to senior leadership,1,1,5.0,"{""5"": 1}"
prioritise tasks effectively,1,1,8.0,"{""8"": 1}"
prioritize data-driven insights,1,0,,{}
prioritize learning,1,0,,{}
proactively contribute improvement ideas,1,0,,{}
proactively manage tasks,1,0,,{}
process RMA/OHIP billing,1,0,,{}
process day-to-day delivery,1,0,,{}
process financial expenses,1,0,,{}
process incoming and outgoing mail,1,1,2.0,"{""2"": 1}"
process job applications,1,0,,{}
produce Circuit Card Assemblies,1,1,6.0,"{""6"": 1}"
produce barrels of oil,1,1,6.0,"{""6"": 1}"
produce correct financial reports,1,1,6.0,"{""6"": 1}"
produce high quality deliverables,1,0,,{}
produce high-quality components,1,1,2.0,"{""2"": 1}"
produce high-quality video content,1,1,5.0,"{""5"": 1}"
produce technical drawings,1,0,,{}
profile and analyze performance of applications and systems,1,1,9.0,"{""9"": 1}"
program CNC machines,1,1,2.0,"{""2"": 1}"
program CNC machining operations,1,1,2.0,"{""2"": 1}"
program EDM machines,1,1,2.0,"{""2"": 1}"
program enhancements for the ServiceNow portal,1,0,,{}
"program in C, C++ and scripting languages",1,1,9.0,"{""9"": 1}"
promote initiatives such as BCBS 239–aligned traceability,1,0,,{}
promote mental health and resiliency,1,1,6.0,"{""6"": 1}"
promote rapid and efficient development cycles,1,1,6.0,"{""6"": 1}"
promote soil health,1,1,6.0,"{""6"": 1}"
propose data architecture approaches,1,0,,{}
prototype solutions to complex challenges,1,0,,{}
provide HR support,1,0,,{}
provide L3 L4 support for Intune,1,0,,{}
provide a positive customer experience,1,0,,{}
provide a positive employee experience,1,0,,{}
provide administrative support,1,0,,{}
provide clear frameworks,1,1,6.0,"{""6"": 1}"
provide detailed analysis,1,0,,{}
provide direct support to clinical faculty,1,0,,{}
provide environmental expertise,1,1,6.0,"{""6"": 1}"
provide expert advice,1,1,5.0,"{""5"": 1}"
provide expert full-stack support to software engineering teams,1,0,,{}
provide expert technical analysis,1,1,6.0,"{""6"": 1}"
provide feedback on marketing campaign effectiveness,1,1,5.0,"{""5"": 1}"
provide hands-on expertise,1,1,6.0,"{""6"": 1}"
provide in-app chatbot,1,1,6.0,"{""6"": 1}"
provide information on financial policies,1,1,2.0,"{""2"": 1}"
provide input into development and implementation of Machine Learning technology,1,0,,{}
provide key input to shape strategic direction,1,0,,{}
provide leadership,1,1,5.0,"{""5"": 1}"
provide leadership for sales channel operations,1,1,5.0,"{""5"": 1}"
provide leadership to application support,1,1,2.0,"{""2"": 1}"
provide live-sound support,1,1,2.0,"{""2"": 1}"
provide post-implementation support,1,0,,{}
provide post-sale customer support,1,1,3.0,"{""3"": 1}"
provide production support,1,1,6.0,"{""6"": 1}"
provide real-time market data,1,0,,{}
provide secretarial support,1,0,,{}
provide solutions,1,0,,{}
provide strategic direction,1,1,6.0,"{""6"": 1}"
provide support for sales channel operations,1,1,5.0,"{""5"": 1}"
provide technical audio support,1,1,2.0,"{""2"": 1}"
provide technical direction,1,1,2.0,"{""2"": 1}"
provide technical leadership,3,2,5.0,"{""5"": 1, ""6"": 1}"
provide technical mentorship,1,1,6.0,"{""6"": 1}"
provide technical oversight,1,1,2.0,"{""2"": 1}"
provide technical support,1,1,2.0,"{""2"": 1}"
provide technical support to customers,1,1,6.0,"{""6"": 1}"
provide transformative solutions,1,1,6.0,"{""6"": 1}"
provide visibility on progress and timelines,1,1,8.0,"{""8"": 1}"
provision and manage data resources,1,0,,{}
provision cloud infrastructure,1,0,,{}
provision infrastructure,1,0,,{}
publish papers,1,0,,{}
push boundaries,1,0,,{}
push capability into modern AI techniques,1,1,8.0,"{""8"": 1}"
push the boundaries of what uncrewed systems can do,1,0,,{}
qualify actuators,1,1,6.0,"{""6"": 1}"
qualify inbound interest,1,0,,{}
qualify sensors,1,1,6.0,"{""6"": 1}"
qualify valves,1,1,6.0,"{""6"": 1}"
rack and stack new servers,1,1,2.0,"{""2"": 1}"
raise the bar,1,0,,{}
rebuild automation platforms,1,1,6.0,"{""6"": 1}"
receive equipment,1,1,2.0,"{""2"": 1}"
recommend change of employee status,1,1,5.0,"{""5"": 1}"
recommend employee advancement,1,1,5.0,"{""5"": 1}"
recommend employee promotions,1,1,5.0,"{""5"": 1}"
recruit and hire talented team,1,1,6.0,"{""6"": 1}"
redesign automation platforms,1,1,6.0,"{""6"": 1}"
reduce carbon footprint,1,0,,{}
reduce environmental impact,1,1,6.0,"{""6"": 1}"
refactor and upgrade codebase,1,0,,{}
reimagine ways to create a smart and sustainable future,1,1,6.0,"{""6"": 1}"
report to the Operations Manager,1,0,,{}
reproduce technical issues,1,1,6.0,"{""6"": 1}"
research latest technological developments,1,1,6.0,"{""6"": 1}"
"research, design, and prototype the look and feel of digital products",1,1,6.0,"{""6"": 1}"
resolve conflicts,1,1,8.0,"{""8"": 1}"
resolve issues,1,0,,{}
resolve issues and blockers,1,0,,{}
resolve issues related to outstanding payments,1,0,,{}
resolve problems,1,1,2.0,"{""2"": 1}"
resolve production issues,1,0,,{}
respond quickly to prospects,1,0,,{}
respond to alarms,1,1,2.0,"{""2"": 1}"
respond to customer feedback,1,0,,{}
review code,1,0,,{}
review performance,1,0,,{}
review plant plans and forecasts,1,1,6.0,"{""6"": 1}"
review scan results,1,1,6.0,"{""6"": 1}"
rightsize infrastructure,1,1,5.0,"{""5"": 1}"
run databases in Linux environment,1,1,8.0,"{""8"": 1}"
run fiber and copper cabling,1,1,2.0,"{""2"": 1}"
run large-scale systems,1,0,,{}
safeguard company networks and computer systems,1,1,6.0,"{""6"": 1}"
safeguard national security,1,0,,{}
safeguard sensitive information,1,0,,{}
scale AI-enabled workflows,1,0,,{}
scale CI/CD pipelines,1,0,,{}
scale a modern data platform,1,0,,{}
scale consumer products,1,0,,{}
scale corporate production network,1,0,,{}
scale environments quickly,1,0,,{}
scale high-performance mobile applications,1,0,,{}
scale product growth,1,0,,{}
scale programmes,1,0,,{}
scale service operations,1,0,,{}
schedule calls,1,0,,{}
scope and build data products,1,1,8.0,"{""8"": 1}"
script PowerShell for automation,1,0,,{}
script proficiently,1,1,5.0,"{""5"": 1}"
secure high-scale communication systems,1,0,,{}
seek feedback from senior team members,1,0,,{}
select actuators,1,1,6.0,"{""6"": 1}"
select sensors,1,1,6.0,"{""6"": 1}"
select valves,1,1,6.0,"{""6"": 1}"
sell the company vision to passive candidates,1,0,,{}
serve as a key liaison,1,1,6.0,"{""6"": 1}"
serve as a lab monitor for an electronic music lab,1,1,2.0,"{""2"": 1}"
serve as a liaison with the information security team,1,1,6.0,"{""6"": 1}"
serve as a resource to help teams solve problems,1,0,,{}
serve as a security contact for the business unit,1,1,6.0,"{""6"": 1}"
serve as first point of contact for visitors,1,1,2.0,"{""2"": 1}"
serve as liaison for building management,1,1,6.0,"{""6"": 1}"
serve as subject matter expert,1,1,6.0,"{""6"": 1}"
serve entities worldwide,1,1,6.0,"{""6"": 1}"
set a new standard for automated weed control,1,1,6.0,"{""6"": 1}"
set a vision,1,1,6.0,"{""6"": 1}"
set standards,1,1,6.0,"{""6"": 1}"
set up CNC machining operations,1,1,2.0,"{""2"": 1}"
set up Jenkins,1,0,,{}
set up parts on machines,1,1,2.0,"{""2"": 1}"
setup AV equipment,1,1,5.0,"{""5"": 1}"
setup manufacturing processes,1,1,6.0,"{""6"": 1}"
shape data-driven strategies,1,1,6.0,"{""6"": 1}"
shape hybrid cloud environment,1,1,5.0,"{""5"": 1}"
shape key parts of commerce and monetization ecosystem,1,0,,{}
shape platform architecture,1,0,,{}
shape the foundation of search and AI ecosystem,1,1,8.0,"{""8"": 1}"
shape the future of financial planning,1,1,5.0,"{""5"": 1}"
shape the future of platform,1,1,8.0,"{""8"": 1}"
shape the next generation of CIS,1,1,6.0,"{""6"": 1}"
shape user workflows,1,0,,{}
sharpen knowledge,1,0,,{}
shift left database expertise,1,0,,{}
ship higher-quality work,1,0,,{}
showcase design impact via portfolio,1,1,6.0,"{""6"": 1}"
simplify purchasing flows,1,0,,{}
solve business challenges,1,1,6.0,"{""6"": 1}"
solve business problems,1,0,,{}
solve challenging problems,1,1,6.0,"{""6"": 1}"
solve complex challenges,3,2,6.0,"{""6"": 2}"
solve complex customer challenges,1,0,,{}
solve complex problems,1,1,6.0,"{""6"": 1}"
solve complex problems at scale,1,0,,{}
solve problems,6,4,6.0,"{""2"": 1, ""6"": 2, ""8"": 1}"
solve problems creatively,1,0,,{}
solve problems for the built environment,1,1,6.0,"{""6"": 1}"
solve problems proactively,1,1,2.0,"{""2"": 1}"
solve technical problems,2,1,6.0,"{""6"": 1}"
stabilize Intune environments,1,0,,{}
standardize processes,1,1,6.0,"{""6"": 1}"
standardize sales channel operations,1,1,5.0,"{""5"": 1}"
stay connected with company communications,1,1,6.0,"{""6"": 1}"
stay curious,1,0,,{}
stay current with industry knowledge,1,0,,{}
streamline processes,1,1,6.0,"{""6"": 1}"
strengthen API-first architecture,1,1,8.0,"{""8"": 1}"
strengthen FP&A processes,1,0,,{}
strengthen engineering delivery practices,1,1,8.0,"{""8"": 1}"
strengthen observability,1,1,8.0,"{""8"": 1}"
strengthen platform reliability,1,1,8.0,"{""8"": 1}"
strengthen security posture,1,1,5.0,"{""5"": 1}"
strive to advance technology,1,1,6.0,"{""6"": 1}"
structure information and actions,1,1,6.0,"{""6"": 1}"
study part prints,1,1,2.0,"{""2"": 1}"
suggest opportunities for improvement,1,1,5.0,"{""5"": 1}"
support AI platforms,1,0,,{}
support CI/CD pipelines,1,1,6.0,"{""6"": 1}"
support HR Manager,1,0,,{}
support HR software,1,0,,{}
support Product Engineering teams,1,0,,{}
support SIT/UAT testing cycles,1,1,6.0,"{""6"": 1}"
support Windows Autopilot,1,0,,{}
support academic activities,1,0,,{}
support administrative functions,1,1,2.0,"{""2"": 1}"
support aggregation accuracy,1,0,,{}
support analytics systems,1,0,,{}
support and enable growth and opportunity for every employee,1,1,6.0,"{""6"": 1}"
support business planning process,1,1,6.0,"{""6"": 1}"
support business through changes,1,0,,{}
support church events,1,1,5.0,"{""5"": 1}"
support clients,1,0,,{}
support clinical activities,1,0,,{}
support continuous improvement,1,1,6.0,"{""6"": 1}"
support course administration,1,0,,{}
support course coordination,1,0,,{}
support customer operations,1,0,,{}
support customers,1,0,,{}
support data conversions,1,0,,{}
support development of environmental analysis capabilities,1,1,6.0,"{""6"": 1}"
support engineered products,1,0,,{}
support enterprise analytics platforms,1,0,,{}
support enterprise property management systems,1,0,,{}
support executive decision-making,1,0,,{}
support feature planning,1,0,,{}
support financial planning process,1,1,6.0,"{""6"": 1}"
support forecasting process,1,1,6.0,"{""6"": 1}"
support global offer marketing managers,1,1,6.0,"{""6"": 1}"
support government customers in acquisitions,1,0,,{}
support government customers in education and training,1,0,,{}
support government customers in engineering design,1,0,,{}
support growth of team,1,1,8.0,"{""8"": 1}"
support healthcare system integrations,1,0,,{}
support local production needs,1,1,5.0,"{""5"": 1}"
support management and execution of contracts,1,1,6.0,"{""6"": 1}"
support management in project planning,1,1,2.0,"{""2"": 1}"
support one another,1,0,,{}
support operational tooling,1,1,8.0,"{""8"": 1}"
support operations,1,1,6.0,"{""6"": 1}"
"support predictable, reliable delivery",1,0,,{}
support product owner,1,1,6.0,"{""6"": 1}"
support production deployments,1,1,6.0,"{""6"": 1}"
support regulatory attestations,1,0,,{}
support research activities,1,0,,{}
support scheduling for meetings and events,1,1,2.0,"{""2"": 1}"
support software testing activities,1,1,6.0,"{""6"": 1}"
support strategic decision-making,1,1,5.0,"{""5"": 1}"
support strategic initiatives,1,1,6.0,"{""6"": 1}"
support system analysis,1,0,,{}
support system design,1,0,,{}
support system requirements,1,0,,{}
support system validation,1,0,,{}
support system verification,1,0,,{}
support teammates through code reviews,1,1,6.0,"{""6"": 1}"
support teammates through design reviews,1,1,6.0,"{""6"": 1}"
support testing of environmental analysis capabilities,1,1,6.0,"{""6"": 1}"
support the design of propositions,1,0,,{}
support the design of solutions,1,0,,{}
"support the design, configuration, and optimisation of the EPR system",1,0,,{}
support the entire sales cycle,1,1,3.0,"{""3"": 1}"
support the evolution of how we deliver our developments,1,0,,{}
support the implementation of solutions,1,0,,{}
"support the tooling, pipelines, frameworks, and other technologies",1,0,,{}
support tracking of POA&Ms,1,1,6.0,"{""6"": 1}"
support tracking of exceptions,1,1,6.0,"{""6"": 1}"
support tracking of remediation actions,1,1,6.0,"{""6"": 1}"
support worship services,1,1,5.0,"{""5"": 1}"
surplus equipment,1,1,2.0,"{""2"": 1}"
tackle big problems,1,1,6.0,"{""6"": 1}"
tackle problems,1,1,6.0,"{""6"": 1}"
tailor messages to resonate across audiences,1,1,6.0,"{""6"": 1}"
take initiative,1,0,,{}
take meeting minutes,1,0,,{}
take on new challenges,1,0,,{}
take ownership and be reliable,1,1,2.0,"{""2"": 1}"
take ownership for elements of the proposition,1,0,,{}
take ownership of data solutions,1,1,5.0,"{""5"": 1}"
take ownership of key mechanical subsystems,1,0,,{}
take ownership of specific workstreams,1,0,,{}
teach artificial intelligence,1,0,,{}
teach data analytics,1,0,,{}
teach natural language processing,1,0,,{}
test Circuit Card Assemblies,1,1,6.0,"{""6"": 1}"
test a candidate's grasp of concepts,1,0,,{}
test application code,1,1,2.0,"{""2"": 1}"
test code,1,0,,{}
test components,1,0,,{}
test data solutions,1,1,6.0,"{""6"": 1}"
test frameworks,1,1,2.0,"{""2"": 1}"
test high-performance data ingestion systems,1,1,6.0,"{""6"": 1}"
test interactive prototypes,1,1,6.0,"{""6"": 1}"
test products to destruction,1,0,,{}
think big,1,1,6.0,"{""6"": 1}"
think critically,3,2,2.0,"{""2"": 1, ""6"": 1}"
think critically in a wider business context,1,1,6.0,"{""6"": 1}"
think in cross-platform systems,1,0,,{}
thrive in a fast-paced environment,1,1,6.0,"{""6"": 1}"
thrive in ambiguity,2,1,6.0,"{""6"": 1}"
thrive in an agile environment,1,0,,{}
thrive in client-facing environments,1,0,,{}
thrive in fast-paced collaborative environment,1,1,6.0,"{""6"": 1}"
thrive in fast-paced environments,1,0,,{}
track conversion metrics,1,0,,{}
track cycle time,1,1,6.0,"{""6"": 1}"
track environmental footprint,1,1,6.0,"{""6"": 1}"
track feature performance,1,0,,{}
track iteration history,1,1,6.0,"{""6"": 1}"
track model performance,1,0,,{}
track rule stability,1,1,6.0,"{""6"": 1}"
track your own performance,1,0,,{}
transfer data,1,0,,{}
transform raw data into meaningful insights,1,1,6.0,"{""6"": 1}"
transition legacy services,1,1,8.0,"{""8"": 1}"
transition to business-as-usual operations,1,0,,{}
translate business needs into technical requirements,1,0,,{}
translate business use cases into scalable platform services,1,0,,{}
translate complex behavioral data into clear stories,1,0,,{}
translate complex operational challenges into production-ready AI systems,1,1,6.0,"{""6"": 1}"
translate data-driven insights,1,0,,{}
translate insights into practical recommendations,1,1,6.0,"{""6"": 1}"
translate requirements into technical solutions,1,1,6.0,"{""6"": 1}"
travel for team meetings,1,1,6.0,"{""6"": 1}"
travel to client sites,1,1,6.0,"{""6"": 1}"
travel up to 20% of the time,1,0,,{}
trigger DRC runs,1,1,6.0,"{""6"": 1}"
troubleshoot ILO issues,1,1,2.0,"{""2"": 1}"
troubleshoot Intune application deployment failures,1,0,,{}
troubleshoot Intune environments,1,0,,{}
troubleshoot cabling issues,1,1,2.0,"{""2"": 1}"
troubleshoot equipment,1,1,6.0,"{""6"": 1}"
troubleshoot integration services,1,1,6.0,"{""6"": 1}"
troubleshoot interfaces between clinical and enterprise systems,1,0,,{}
troubleshoot middleware performance,1,1,6.0,"{""6"": 1}"
troubleshoot multicast market data delivery platforms,1,0,,{}
troubleshoot network issues,2,1,2.0,"{""2"": 1}"
troubleshoot power issues,1,1,2.0,"{""2"": 1}"
troubleshoot systems,1,1,2.0,"{""2"": 1}"
turn analysis into business impact,1,0,,{}
turn complex infrastructure requirements into simple interfaces,1,0,,{}
turn data into insight,1,0,,{}
turn raw multichannel audio into bearings and alerts,1,1,8.0,"{""8"": 1}"
turn research-grade ideas into production-ready solutions,1,1,8.0,"{""8"": 1}"
turn vision into exceptional places to live,1,0,,{}
uncover actionable insights,1,1,6.0,"{""6"": 1}"
understand business needs,2,1,6.0,"{""6"": 1}"
understand context in virtual environments,1,1,6.0,"{""6"": 1}"
understand developer needs,1,0,,{}
understand local customs and practices,1,1,5.0,"{""5"": 1}"
understand needs of end customers,1,1,6.0,"{""6"": 1}"
understand reporting requirements,1,1,8.0,"{""8"": 1}"
understand requirements,2,1,6.0,"{""6"": 1}"
understand retail operations,1,1,5.0,"{""5"": 1}"
understand tools involved in frontend development,1,0,,{}
understand users,1,0,,{}
unlock the power of data driven decision making,1,0,,{}
unveil a plan for net zero emissions,1,1,6.0,"{""6"": 1}"
update data,1,0,,{}
upgrade skills,1,0,,{}
uphold standards for code quality,1,1,6.0,"{""6"": 1}"
uphold standards of safety and effectiveness,1,0,,{}
use AutoCAD,1,1,6.0,"{""6"": 1}"
use Bluebeam,1,1,6.0,"{""6"": 1}"
use CAD systems,1,0,,{}
use ML frameworks,1,0,,{}
use Revit,1,1,6.0,"{""6"": 1}"
use a range of equipment and techniques,1,0,,{}
use causal inference methods,1,1,8.0,"{""8"": 1}"
use communication and collaborative technologies,1,0,,{}
use data to influence decisions,1,0,,{}
use design/analysis software,1,0,,{}
use independent judgment,1,1,2.0,"{""2"": 1}"
use technology to solve customer problems,1,0,,{}
validate AI/ML solutions,1,1,6.0,"{""6"": 1}"
validate hardware,1,1,6.0,"{""6"": 1}"
validate ideas,1,0,,{}
verify tolerances and finishes,1,1,2.0,"{""2"": 1}"
visualize partner revenue,1,0,,{}
weave together various technologies,1,1,6.0,"{""6"": 1}"
welcome visitors professionally,1,1,2.0,"{""2"": 1}"
work across a diverse modern stack,1,0,,{}
work across design and production teams,1,0,,{}
work across disciplines,1,1,6.0,"{""6"": 1}"
work across multi-disciplinary teams,1,0,,{}
work across multiple programming languages,1,0,,{}
work alongside teams,1,0,,{}
work and live in operational areas,1,1,6.0,"{""6"": 1}"
work as a team,1,0,,{}
work at a fast pace to achieve KPIs,1,0,,{}
work at the intersection of advanced robotics and live field operations,1,0,,{}
work autonomously,1,0,,{}
work closely with UI/UX designers,1,0,,{}
work closely with architects,1,1,6.0,"{""6"": 1}"
work closely with architecture teams,1,1,5.0,"{""5"": 1}"
work closely with automation specialists,1,0,,{}
work closely with business analysts,1,1,6.0,"{""6"": 1}"
work closely with business stakeholders,1,1,6.0,"{""6"": 1}"
work closely with cross-functional teams,1,1,6.0,"{""6"": 1}"
work closely with customers,1,0,,{}
work closely with data scientists,2,1,6.0,"{""6"": 1}"
work closely with data teams,1,1,5.0,"{""5"": 1}"
work closely with development teams,1,1,5.0,"{""5"": 1}"
work closely with engineers,1,0,,{}
work closely with other developers,1,1,6.0,"{""6"": 1}"
work closely with other technologists,1,0,,{}
work closely with partner teams,1,1,6.0,"{""6"": 1}"
work closely with product teams,1,1,6.0,"{""6"": 1}"
"work closely with sales, service, and technical teams",1,1,6.0,"{""6"": 1}"
work closely with senior engineers,1,0,,{}
work closely with software engineers,1,0,,{}
work closely with stakeholders,2,1,6.0,"{""6"": 1}"
work closely with teams,1,1,6.0,"{""6"": 1}"
work closely with technical teams and business partners,1,0,,{}
work collaboratively,2,1,6.0,"{""6"": 1}"
work collaboratively in a multidisciplinary environment,1,1,9.0,"{""9"": 1}"
work collaboratively with a diverse team,1,0,,{}
work collaboratively within a team,1,0,,{}
work cross functionally,1,1,6.0,"{""6"": 1}"
"work cross-functionally with architecture, platform design, and engineering teams",1,1,6.0,"{""6"": 1}"
work cross-functionally with teams,1,0,,{}
work evenings and weekends for events,1,1,2.0,"{""2"": 1}"
"work evenings, weekends, holidays, and special events",1,1,2.0,"{""2"": 1}"
work in a close-knit family atmosphere,1,0,,{}
work in a creative fast-paced environment,1,1,2.0,"{""2"": 1}"
work in a professional environment with diverse stakeholders,1,1,2.0,"{""2"": 1}"
work in a smoking environment,1,1,2.0,"{""2"": 1}"
work in ambiguity,1,0,,{}
work in an agile model,1,1,6.0,"{""6"": 1}"
work in an agile team,1,1,6.0,"{""6"": 1}"
work in moderate to loud noise levels,1,1,2.0,"{""2"": 1}"
work in partnership with stakeholders,1,0,,{}
work in remote mine sites with significant diversity,1,0,,{}
work independently,3,2,6.0,"{""6"": 1, ""9"": 1}"
work on a team aiming to improve user experience,1,1,6.0,"{""6"": 1}"
work on complex challenges,1,0,,{}
work on features that span multi-functional teams,1,1,6.0,"{""6"": 1}"
work on new projects,1,0,,{}
work on own initiative,1,1,8.0,"{""8"": 1}"
work on profiler stack and application code,1,1,9.0,"{""9"": 1}"
work on scalable web services,1,1,6.0,"{""6"": 1}"
work on state-of-the-art solutions,1,1,6.0,"{""6"": 1}"
work on-site,1,0,,{}
work together with teams,1,1,6.0,"{""6"": 1}"
work under minimal direction,1,1,2.0,"{""2"": 1}"
work well independently,1,1,6.0,"{""6"": 1}"
work with JavaScript tools,1,0,,{}
"work with a team of SMEs, developers, and designers",1,1,6.0,"{""6"": 1}"
work with administrators,1,1,2.0,"{""2"": 1}"
work with advanced tools and processes,1,0,,{}
"work with architects, engineers, owners, and stakeholders",1,1,6.0,"{""6"": 1}"
work with business analysts,1,1,2.0,"{""2"": 1}"
work with cross-functional teams,2,1,6.0,"{""6"": 1}"
work with developers,2,1,2.0,"{""2"": 1}"
work with docker containers,1,0,,{}
work with engineering teams,1,0,,{}
work with fellow engineers,1,1,6.0,"{""6"": 1}"
work with geographically dispersed stakeholders,1,1,6.0,"{""6"": 1}"
work with high-volume data environments,1,0,,{}
work with large-scale GPU farms,1,0,,{}
work with multiple cloud infrastructures,1,0,,{}
work with other teams,1,0,,{}
work with partners,1,1,2.0,"{""2"": 1}"
work with partners to gather requirements,1,1,6.0,"{""6"": 1}"
work with product owners,1,1,2.0,"{""2"": 1}"
work with product teams,1,0,,{}
work with public and private sector,1,0,,{}
work with scrum masters,1,1,2.0,"{""2"": 1}"
work with security per procedures,1,1,2.0,"{""2"": 1}"
work with solution architects,1,1,2.0,"{""2"": 1}"
work with utmost care and precision,1,0,,{}
write articles,1,0,,{}
write automation for best practices,1,0,,{}
write case studies,1,0,,{}
write clean concurrent code,1,0,,{}
write code,1,0,,{}
write grants,1,1,9.0,"{""9"": 1}"
write maintainable code,1,0,,{}
write new and unique tools,1,0,,{}
write papers,1,0,,{}
write performance or correctness tools,1,1,9.0,"{""9"": 1}"
"write well-crafted, well-tested, readable, maintainable code",1,1,6.0,"{""6"": 1}"
