review_id,job_id,skill
skill_00fbd149506e,,
skill_019fb2fced78,,
skill_01aae7222f55,,
skill_0210450f41f2,,
skill_02349e758465,,
skill_024d392d3d8e,,
skill_0273955abb08,,
skill_030ef83f8ffd,,
skill_0351fd73e2c2,,
skill_03b2b2bf8e0b,,
skill_03cc07fb93f9,,
skill_042963ae9ba4,,
skill_044bba7109cf,,
skill_051d5cee5642,,
skill_052ac9c8f8b9,,
skill_052f6faacba4,,
skill_05967b7cc0ff,,
skill_06a644e7db07,,
skill_06c50c8a5680,,
skill_06d548b66076,,
skill_079a3fc0cb0e,,
skill_07d7a8389a82,,
skill_07eef6e57fd5,,
skill_08ac8d9b2263,,
skill_08cb3e663798,,
skill_092ef23cdcd1,,
skill_0930d6a16bf3,,
skill_09341884ece0,,
skill_0960ab92fb1a,,
skill_09f644aadf51,,
skill_0b3bc1f8c66f,,
skill_0b47307945db,,
skill_0b896c0f372a,,
skill_0be39f08320d,,
skill_0c55247125be,,
skill_0cd3e7f149c9,,
skill_0ce642cd7f32,,
skill_0ceed34da26b,,
skill_0d18c2194f2a,,
skill_0d3cd7ab67a8,,
skill_0d7336a66e83,,
skill_0d9d54217143,,
skill_0da26b950049,,
skill_0e65efc51581,,
skill_0e9460c5aebf,,
skill_0ee9e7f4c211,,
skill_0eef20f6b72c,,
skill_0fc648d5787e,,
skill_105fbf6c8981,,
skill_106b7260118b,,
skill_10709b9dfb60,,
skill_10edef60904b,,
skill_113f294f8416,,
skill_114d931d9f6c,,
skill_116b7ec8710d,,
skill_116ece4026b8,,
skill_11b98d139409,,
skill_11d0bfef21eb,,
skill_11ed84725704,,
skill_123c6af607c3,,
skill_126d56918722,,
skill_129bf799557a,,
skill_13ef3f953a57,,
skill_145911670117,,
skill_1474784ded14,,
skill_148f71a8afad,,
skill_14fe458a411c,,
skill_152175a9bdc1,,
skill_152efc16c946,,
skill_152fc7ac5fe4,,
skill_15b798b80459,,
skill_15c1290b096c,,
skill_15c1cfd6068a,,
skill_1680e995bc79,,
skill_16a6d4cb35a0,,
skill_16d73f82391e,,
skill_1747a8a734fc,,
skill_178e2f6b4588,,
skill_1799198cc08c,,
skill_18a1a0f8c422,,
skill_18b5253d15e2,,
skill_19073c34abf0,,
skill_192873be52a9,,
skill_19cf2344c97d,,
skill_1a7d63a8dfd1,,
skill_1ac653a816ab,,
skill_1b1184d75769,,
skill_1becafbb050a,,
skill_1c254d1b6a26,,
skill_1c3fab7db08c,,
skill_1ce3131d77b4,,
skill_1d1fbdf4bc3c,,
skill_1df489bbeee3,,
skill_1e2b508b84d4,in-ee0deef20dee727b,monitor environmental best practices
skill_1e316e3cd189,,
skill_1e7f1df34903,,
skill_1eaed2e207c9,,
skill_1f29871a02fe,,
skill_1f6c25a1d0d8,,
skill_1f7f2d0e6434,,
skill_1f9fb30b5cf4,,
skill_1fcb1566b952,,
skill_204a6b7095f4,,
skill_204b627cac94,,
skill_206d238a53a6,,
skill_209501574b35,,
skill_20a19bb5bd98,,
skill_20ccdab6fe32,,
skill_20cdf93e4251,,
skill_20e62d5a549f,,
skill_21135f28a882,,
skill_21531819c55e,,
skill_217a39c6d8e0,,
skill_217b614fafa1,,
skill_219545b56853,,
skill_219d5f652c08,,
skill_22ed180dc77d,,
skill_22f53018614e,,
skill_22fbd26de80b,,
skill_235219262295,,
skill_243c0295be60,,
skill_247102ea7d49,,
skill_2481af7cfdf2,,
skill_24ed3ac1d9ea,,
skill_2559404632a6,,
skill_256d34d83ddb,,
skill_25abc2965f66,,
skill_25bda619e912,,
skill_25bf30de616d,,
skill_25de3033f538,,
skill_26e897e5f387,,
skill_27474b6abcbb,,
skill_2762495b3b0c,,
skill_27fbdc034ee3,,
skill_2837868ef4e0,,
skill_283f0216e046,,
skill_284a5c4e0cea,,
skill_2882cd42c4d8,,
skill_2895d03e02a0,,
skill_29468cfa88a1,,
skill_297118e0b9e3,,
skill_29bdfefa5200,,
skill_29e382cb3cb8,,
skill_2a2c79c90623,,
skill_2abe6eb3a388,,
skill_2ac45c0141f7,,
skill_2afb67b647bc,,
skill_2b57f558c238,,
skill_2b87eedaa757,,
skill_2bff9dd7ac65,,
skill_2c78c11794c6,,
skill_2cbceda273ae,,
skill_2cfc25532c39,,
skill_2d30609844b0,,
skill_2d49ec6ef7b2,,
skill_2d69f8b4ef77,,
skill_2dfc67f7848a,,
skill_2e1bfd4552e4,,
skill_2e625a75e882,,
skill_2e6d657a64a6,,
skill_2eb75efb135d,,
skill_2ecc0f8c1441,,
skill_2fca900a753b,,
skill_301d8edb883d,,
skill_3050719dabf1,,
skill_305267d8104c,,
skill_308ab8b3aea4,,
skill_30bc9ebee77a,in-e7722395abd65cf4,maintain performance
skill_310c738ada96,,
skill_317d8a27ffae,,
skill_319f87277980,,
skill_31a5dbf9bc79,,
skill_31b5c319d94a,,
skill_326144e84465,,
skill_329f7e7a3bd3,,
skill_32e77f8df013,,
skill_330d1004057e,,
skill_3323247eeff4,,
skill_3337b47869b3,,
skill_339ea81d1031,,
skill_33a41e839982,,
skill_33aecfab4d12,,
skill_34059a9dd4ae,,
skill_34cbb6274b2e,,
skill_34f83ae304bf,,
skill_35a60f566943,,
skill_35bcbf33997a,,
skill_35e376cb7687,,
skill_36998999a4dd,,
skill_36f016ea5e2c,,
skill_375d2e4b1e34,,
skill_382e3ba89478,,
skill_388e28bf83bc,,
skill_392545621ede,,
skill_39427654f30f,,
skill_3953097c9c40,,
skill_3962f3464655,,
skill_39d1558b67cf,,
skill_39e3a95c83d7,,
skill_3a2d776f879a,,
skill_3a3d5ede286f,,
skill_3a512106e7e5,,
skill_3aad830b050c,,
skill_3ac2f2b40e2c,,
skill_3b49f670debb,,
skill_3b50d82195ff,,
skill_3bedf178fec3,,
skill_3c11b57cb8ca,,
skill_3c1e363540fe,,
skill_3c54cf66cbfd,,
skill_3cb1f095fd56,,
skill_3d070f2f4cb1,,
skill_3d2303fbf69d,,
skill_3d447af7341b,,
skill_3d5dd04e6157,,
skill_3d952e339af5,,
skill_3db0fb45cec1,,
skill_3db83f011517,,
skill_3df917363c83,,
skill_3e625c00a641,,
skill_3e7454963750,,
skill_3e879a1319ea,,
skill_3f0e79600d00,,
skill_3f0f5761d39e,,
skill_3f40d74d7220,,
skill_3fb560e5b97b,,
skill_3fc60f96a619,,
skill_400881d3cbfc,,
skill_4018e1f3858a,,
skill_40f39045c91a,,
skill_413e6795787c,,
skill_4165ffd96540,,
skill_41dd556ec255,,
skill_424012dbd0ae,,
skill_42d7b828366a,,
skill_43c117ec09a1,,
skill_4404554c64fa,,
skill_442e03b4cdc7,,
skill_446a242b1c32,,
skill_44835523b7e2,,
skill_44c53bdee4a0,,
skill_45070e751c62,,
skill_45a2550bd97e,,
skill_45c62675c114,,
skill_45e6d8ceafad,in-bae7da04393e2cef,monitor DRC runs
skill_462c0739c3be,,
skill_466f883e23da,,
skill_46c153976336,,
skill_472a9ec4db28,,
skill_474045e27f8c,,
skill_479401afbc8c,,
skill_47f3c32b1589,,
skill_48d1dd700967,,
skill_4937ac1812d0,,
skill_49833b2ec224,,
skill_49bcb6d36eb5,,
skill_49fe6a5d6e03,,
skill_4a22082a844d,,
skill_4a8cb29e2d19,,
skill_4ad5ff0c6245,,
skill_4ae421ba9f7f,,
skill_4aeb830d40fe,,
skill_4b1efbc4dded,,
skill_4b4047f013f1,,
skill_4b7db71353fb,,
skill_4bbba13f6751,,
skill_4bbdff26b436,,
skill_4c2b99d2518a,,
skill_4c4e25da78d7,,
skill_4c563f482b10,in-32372b2a70a2998c,ensure pedagogical soundness
skill_4c5d09cd40f2,,
skill_4c8ba48f7b7d,,
skill_4c977b3a6bc5,,
skill_4c9a369858e5,,
skill_4cc2e3e68630,,
skill_4cd4a0c8fac5,,
skill_4e25dda11157,,
skill_4e41d61bef1f,,
skill_4e52ef2f265e,,
skill_4e8526951cdb,,
skill_4e9c95f58f2f,,
skill_4f912635e47b,,
skill_4fac1a34b57d,,
skill_50655d59a4ea,,
skill_506c407b9835,,
skill_50a6d21f613f,,
skill_51471cc7d9b4,,
skill_51699ee6cefc,,
skill_516d8340baa4,,
skill_51daf5edf9ca,,
skill_528e08bf4001,,
skill_52e0050a58ba,,
skill_530ff0b46b58,,
skill_534e8e91f1bb,,
skill_53b58c75bb51,,
skill_5410bb766611,,
skill_54268b6bd0c8,,
skill_5453ec2d6095,,
skill_5484647faefc,,
skill_55060ff17086,,
skill_554c02f16d4b,,
skill_55582318fb33,,
skill_555ac1ecb463,,
skill_5587322ec3c5,,
skill_55ac09dd26bb,,
skill_55ba0b4b8217,,
skill_5644ca2b856f,,
skill_567971152cd9,,
skill_567a69413ab3,,
skill_570739e891f8,,
skill_570be0e04350,,
skill_5758d52f4825,,
skill_575dc5dcbe44,,
skill_5779bb025c9d,,
skill_578fc61d7e1f,,
skill_585a20ae67d0,,
skill_58f1ac70e7bb,,
skill_58f4f56dd46f,,
skill_592c82e216c7,,
skill_5942d0626c50,,
skill_5962e169094f,,
skill_5ab3ecaeb8ff,,
skill_5aeddcef5622,,
skill_5b651c499349,,
skill_5b88e5ec1b46,,
skill_5ba865ff2fae,,
skill_5beac6004757,,
skill_5c4b859f7c91,,
skill_5c69b2b3fcf6,,
skill_5c7abbee381c,,
skill_5c9c17b4cfbc,,
skill_5cbf59d8a4e6,,
skill_5ddfe29c6b8a,,
skill_5e74e20b1207,,
skill_5eb302ef1eb1,,
skill_5eec84fa897d,,
skill_5f1ac5360b9b,,
skill_5f73ba9328aa,,
skill_602019a29379,,
skill_602277297edc,,
skill_6092e1f3ac2f,,
skill_6095b6634d98,,
skill_60a8f716b0b1,,
skill_60b3a2162c22,,
skill_6157e6ba7d8c,,
skill_6165ed17ea95,,
skill_6193cf5073ae,,
skill_61bfef11d945,,
skill_61e1b5acf922,,
skill_6284ed6618b8,,
skill_6302b8a70b2c,,
skill_632534719b03,,
skill_6326b6a6ed42,,
skill_63756833e123,,
skill_639249b72a62,,
skill_63da89421e40,,
skill_650b854e1ee8,,
skill_653acb6ee5cb,,
skill_654ad1346d46,,
skill_663700fd0355,,
skill_670b69153693,,
skill_672447c43c44,,
skill_674a6ecb3bbb,,
skill_67691ce5138e,,
skill_677dd49931f9,,
skill_67ef7816dee0,,
skill_684d0a58d30c,,
skill_685377dba4da,,
skill_6887d266dbf5,,
skill_689307fcc189,,
skill_68b775984e87,,
skill_68e7b978eb91,,
skill_68f273817841,,
skill_69c33254d140,,
skill_6a76df9c4c72,,
skill_6b0436ab1238,,
skill_6b7a3ea043ec,,
skill_6b893fb60e96,,
skill_6b8fdf31926b,,
skill_6baa515e6a7a,,
skill_6bcfecc91a12,,
skill_6c1174745e48,,
skill_6c407b9af301,,
skill_6c4218b42851,,
skill_6cbada778554,,
skill_6e364e1f5aed,,
skill_6f42a0261e27,,
skill_6f622b434859,,
skill_7004796743c0,,
skill_7035e8e71a50,,
skill_703e0d3e501d,,
skill_7047e0e188f3,,
skill_707de75fb65e,,
skill_7094dfc68a5c,,
skill_7101f5800dac,,
skill_71031c909660,,
skill_7106e8bf69da,,
skill_710fd4c18c7a,,
skill_711c8f4bc7e4,,
skill_711dc66a6226,,
skill_712199a8f841,,
skill_7123eb6cad77,,
skill_7175d070a0b4,,
skill_717fa2adc2a9,,
skill_718b81b7a39e,,
skill_718c16f5d0bd,,
skill_71f0b8e896d7,,
skill_7206c8761d77,in-31a68bf771762bbc,analyze business challenges
skill_7210c6f7bf58,,
skill_7215733f4743,,
skill_727a50929c78,,
skill_72c2c15c42f3,,
skill_7339eaeb2575,,
skill_737b95c64646,,
skill_73cb41941e26,,
skill_73e431b1fd7a,,
skill_7436faae235d,,
skill_745b43c16f88,,
skill_7489d6fc2d5f,,
skill_74b4f20a491b,,
skill_756ae0201e04,,
skill_76282f4585f5,,
skill_766edfccbf57,,
skill_7705e25aaab7,,
skill_77178539c09b,,
skill_7777a0fd8277,,
skill_77edb3f2e62c,,
skill_77f12ea56483,,
skill_787bc1e7f0e1,,
skill_78904b43d167,,
skill_78fffa5d165b,,
skill_791ff5ea24cd,,
skill_79c8896cf2c4,,
skill_79f259bccd72,,
skill_79f60cef27d4,,
skill_7a0947f75bb0,,
skill_7a14a5364835,,
skill_7a1978f31617,,
skill_7a5e1c77d45d,,
skill_7a80926b333a,,
skill_7aae96736c12,,
skill_7ad02810865a,,
skill_7b0700327fe7,,
skill_7b1dbe07a886,,
skill_7b2dc4c98c10,,
skill_7cf1d2f15a03,,
skill_7d1a79bade2f,,
skill_7d27d10a9648,,
skill_7d7b27daccaa,,
skill_7df74f8f5673,,
skill_7e0f4552b8b7,,
skill_7ebe68dacc78,,
skill_7f8e2d62ef68,,
skill_8004dc89dd04,,
skill_801098f2e3ba,,
skill_806a49d388d7,,
skill_80af454796c3,,
skill_80cd92971807,,
skill_80dc4f6dc109,,
skill_817fb3bcf521,,
skill_81ad3f5528b6,,
skill_81c99729cd61,,
skill_81eacd8bceba,,
skill_82602c2af612,,
skill_828c841ba1ee,,
skill_82c828bdf9b3,,
skill_82de2d658104,,
skill_830a466174cb,,
skill_8314501b0054,,
skill_83158cab751d,,
skill_846cbbd18d39,,
skill_84e4ad837cae,,
skill_8575173742d1,,
skill_85d0290e123f,,
skill_86cc04756fbb,,
skill_87484b4d70fb,,
skill_87b754e83ddf,,
skill_87c58ab105b4,,
skill_87ffff118faf,,
skill_88109d2b4094,,
skill_886c7ef6d31e,,
skill_8874642b77df,,
skill_8875189192cf,,
skill_888c173ea446,,
skill_88c00594ce00,,
skill_88eb0d26a826,,
skill_89d6f6e88e25,,
skill_89d79d91e86f,,
skill_89f70a65653f,,
skill_8a2577178405,,
skill_8a41c2971fea,,
skill_8a4d0f1ef2b5,,
skill_8a63f7c16361,,
skill_8a7b00f42fcb,,
skill_8b01e24c58ed,,
skill_8bc526798a2c,,
skill_8bf5d256f218,,
skill_8c175b55ea44,,
skill_8c9e14a56d32,,
skill_8cc395dc1ddb,,
skill_8cd891fd244d,,
skill_8d39de0d3ed0,,
skill_8dfe796eaf73,,
skill_8e1291049098,,
skill_8e1ab040cc37,,
skill_8e5f89469090,,
skill_8e8217e6664d,,
skill_8e8f787ec2d6,,
skill_8eca1f5af636,,
skill_8f9932172f57,,
skill_8feee84a9f06,,
skill_9059a770d4ae,,
skill_90a2990c71fb,,
skill_90e482b8e0ad,,
skill_911336a88c4e,,
skill_91372ff3c2fd,,
skill_914453281141,,
skill_91743cf311be,,
skill_91dd3cc5e7c4,,
skill_91fecaf0c22e,,
skill_92f307594ae8,,
skill_93266bf6dca2,,
skill_93d1239b4fa5,,
skill_9419bf21f61b,,
skill_95698019daff,,
skill_95c790e393ca,,
skill_968b4ecc624d,,
skill_970bb9e348cb,,
skill_985645691b70,,
skill_9859f97ee8a0,,
skill_9885ce10b6dd,,
skill_994c7ecff7b3,,
skill_996403d6f0ff,in-25943c33b8b06d57,scale a modern data platform
skill_99e5749036ee,,
skill_99eba332f2f6,,
skill_9a8bcc9f4098,,
skill_9abf37ec9b59,,
skill_9af35783c3af,,
skill_9af5638e1b5f,,
skill_9b1a0f2cdff5,,
skill_9b399ac778a7,,
skill_9b42512c0cde,,
skill_9b8eede5ff8c,,
skill_9c29c268ada4,,
skill_9cd78fca0ab2,,
skill_9d43eaf81936,,
skill_9d4c221ba173,,
skill_9def76dbcb10,,
skill_9eb828ad16c6,,
skill_9ebbd0cf1c2e,,
skill_9f40963ac4e1,,
skill_9fb45b683663,,
skill_9fbb006103d7,,
skill_9ff3f8aa09b5,,
skill_a01cd56e57a1,,
skill_a02e85614dff,,
skill_a0574692c281,,
skill_a0686823c45e,,
skill_a08845c01d28,,
skill_a0aa3e734bc5,,
skill_a0dfb6ed1c0f,,
skill_a0ec902dfff5,,
skill_a1d8a292f9d6,,
skill_a1fc5f493602,,
skill_a24b4e5e6151,,
skill_a29e7ae135f4,,
skill_a3d8825dc386,,
skill_a3f08392eb08,,
skill_a44e719fe296,,
skill_a458390e151a,,
skill_a45febd232a2,,
skill_a484ab7e414e,,
skill_a4af774a2407,,
skill_a4d571099ea9,,
skill_a4e0218e2809,,
skill_a4e957423af6,,
skill_a527fe845205,,
skill_a5314babf337,,
skill_a54b4933733e,,
skill_a56fa039ea77,,
skill_a668e8e6a12c,,
skill_a683ef1f027e,,
skill_a6b7d1914f52,,
skill_a6bb83ab4747,,
skill_a75850088670,,
skill_a7a91fefd8d2,,
skill_a8353b28c79c,in-06b5e96976a3f626,administer candidate profiles
skill_a8ae173307fe,,
skill_a8ce1b1002d9,,
skill_a91978b432cd,,
skill_a93d901e0e5c,,
skill_a941570d71cd,,
skill_a95d68827df5,,
skill_a99bb6df2bd7,,
skill_a9e869b1ce94,,
skill_a9ee50b98252,,
skill_aa24f1a4ff8b,,
skill_aa67df88cacb,,
skill_aa8a4ea55aa3,,
skill_aaa240fc12db,,
skill_aaa507e81881,,
skill_ab5796a0ab68,,
skill_abced4c17635,,
skill_ac5dd3e9b128,,
skill_ad5d5f729872,,
skill_ad5d8494d1df,,
skill_add5adc75f76,,
skill_ae0850ea5829,,
skill_ae2e049e2694,,
skill_ae350c346f35,,
skill_af530ab12def,,
skill_af91829bd537,,
skill_b0fd49e61318,,
skill_b103ef279b3c,,
skill_b113929990fe,,
skill_b1ce5a81248b,,
skill_b1f79e8c07b3,,
skill_b20f0389e138,,
skill_b216a2f79356,,
skill_b23ac251363b,,
skill_b2673cd4cbcf,,
skill_b285e370e959,,
skill_b2ceb79cca12,,
skill_b35cddae73b0,,
skill_b37fdf6adf96,,
skill_b4218126ae44,,
skill_b5178d5f0094,,
skill_b5c5979ea8d7,,
skill_b5c82bd062b7,,
skill_b5d363c430eb,,
skill_b692c89c8f3c,,
skill_b6cbe6da3779,,
skill_b70002622899,,
skill_b7149c3ee3ca,,
skill_b7808a34d41c,,
skill_b8777e0c39db,,
skill_b87bd19ecf7f,,
skill_b8c9cf54f5e6,,
skill_b8e77cce9c23,,
skill_b940480aa49d,,
skill_b9b54af45161,,
skill_b9ea2f9ef781,,
skill_ba82f3850b08,,
skill_ba889de9861b,,
skill_ba959de756f0,,
skill_bb2e1e14c960,,
skill_bb6c7955c76e,,
skill_bbb6a4dadc82,,
skill_bbe25dc78f5e,,
skill_bc19cc10724b,,
skill_bc4f5703dbfd,,
skill_bc5893d81cce,,
skill_bc6e897589a7,,
skill_bc78917ee700,,
skill_bcb888e7ba6a,,
skill_bceda6e75edc,,
skill_bd55baed75ec,,
skill_bd6dfec409a0,,
skill_bd9c2fb6fef2,,
skill_bdcd29b0ea13,,
skill_bdebadce059e,in-801e77fe9dd77c2d,analyze and debug web applications
skill_be1e65d50a8e,,
skill_be463d3691e4,,
skill_beab99f803fa,,
skill_bec56b95ed45,,
skill_bf4b0f7055fe,,
skill_bf5323ffdece,,
skill_bfa24d1e7265,,
skill_bffbbc9d715f,,
skill_c01a5a878f15,,
skill_c06fe4886618,,
skill_c0ce52b1999e,,
skill_c0e0b9393ca3,,
skill_c12daca4397d,,
skill_c1430d67bf75,,
skill_c19de1553406,,
skill_c1eb4bca138f,,
skill_c1f969882969,in-189e4607c218da31,ensure access to products through sales channel mix
skill_c21587400e22,,
skill_c227f671101c,,
skill_c22e8bf55a3f,,
skill_c24271cd9248,,
skill_c26510067d48,,
skill_c2832a648af0,,
skill_c2d32e9afe9c,,
skill_c2d409226787,,
skill_c2e6ccc3885e,,
skill_c33fc9f58be0,,
skill_c3802a08289e,,
skill_c3834a6a1e0d,,
skill_c43c23079a9b,,
skill_c442efa32a37,,
skill_c470dd921a1a,,
skill_c4832c059634,,
skill_c4896af99fef,,
skill_c53359962345,,
skill_c565179546a1,,
skill_c567153d06db,,
skill_c5713a0482c5,,
skill_c601b10178b1,,
skill_c698eb16afda,,
skill_c714095660fe,,
skill_c726936a3622,,
skill_c72d9fce5e5b,,
skill_c807a9b0dce2,,
skill_c83f4cba6d58,,
skill_c84017dd60f3,,
skill_c8622bf50050,,
skill_c863b28d6d6c,,
skill_c877d640ba50,,
skill_c8b1a99ebd9d,,
skill_c9023501d7a7,,
skill_c918dfd780bb,,
skill_c94e737a978d,,
skill_c967bb0a96d4,,
skill_ca424adca016,,
skill_ca9f828649e9,,
skill_caa3d1c0be66,,
skill_cb1fd1dd0554,,
skill_cb378fb29577,,
skill_cb9918d8b067,,
skill_cb9e49e268d1,,
skill_cbff69f03116,,
skill_cc21bb2b230b,,
skill_cc919f29541e,,
skill_ccfca4884705,,
skill_cd0001e8a7b9,,
skill_cdf4a622b4f6,,
skill_cdf7966f11b7,,
skill_cdfd86412f0e,,
skill_ce348dd0738e,,
skill_ce4da49e7dc3,,
skill_ce4ff76e67c0,,
skill_ce70c31d1464,,
skill_ce83b4eb9cbf,,
skill_cf666c3cba75,,
skill_cf87c71c0885,,
skill_cfe840127a4e,,
skill_cfec1206cd44,,
skill_d05441bcc6c5,,
skill_d07f153490c0,,
skill_d08846541986,,
skill_d0e4c705bcbe,,
skill_d13484a3e257,,
skill_d17c256c296a,,
skill_d1934f718d62,,
skill_d1d041935e57,,
skill_d231210c4453,,
skill_d27ccb8ecfe1,,
skill_d2df8d8faa13,,
skill_d3853b82d8f5,,
skill_d3bb467d1bc2,,
skill_d3ddd004bfe1,,
skill_d4bb96497a44,,
skill_d57c937ee36c,,
skill_d5948e5436fc,,
skill_d5c06eede53d,,
skill_d6125952e2f7,,
skill_d63c40be5ebc,,
skill_d681092b5daa,,
skill_d68a5d4a3821,,
skill_d68b24805c5b,,
skill_d6c58df3010f,,
skill_d6f6e7f59ac4,,
skill_d73c23aa9857,,
skill_d7dc4d6fdacc,,
skill_d834ddacb565,,
skill_d8524c6aca0a,,
skill_d8933ffa345e,,
skill_d8cc49a879ac,,
skill_d9687cb50334,,
skill_d96bd6b11482,,
skill_d97d2819802f,,
skill_da1d0acd1de1,,
skill_da26c21fa990,,
skill_da4201d5f2df,,
skill_da742dfc4202,,
skill_db5172e61bee,,
skill_db6136091d53,,
skill_dbb937cfd000,,
skill_dbbbdf004c4f,,
skill_dbc568723b99,,
skill_dcb0c973d735,,
skill_dce973f16b35,,
skill_dd0e0f1961d5,,
skill_dd63da5fbadf,,
skill_dd6b058dd124,,
skill_dd6e22b6dbce,,
skill_dd9994dfa6c0,,
skill_dec9356794fd,,
skill_decf50f1a872,,
skill_dee9ff0a5c01,,
skill_deedeb7b84f4,,
skill_df67c1dfb513,,
skill_df99d94a5972,,
skill_e01d40814002,,
skill_e05333c7b4c7,,
skill_e0ffc661cc42,,
skill_e15cfaf85776,,
skill_e1963fba6a5d,,
skill_e1fe22745408,,
skill_e2a86bcaa6b3,,
skill_e2dfc6a8999e,,
skill_e33e85bb42c7,,
skill_e35015c7412e,,
skill_e3718492b486,,
skill_e4191ea8dddc,,
skill_e4300abe7efb,,
skill_e432eb541a61,,
skill_e4bbbb748f5b,,
skill_e5050c12ea3e,,
skill_e51ae77f6cf2,,
skill_e531bfb4fee1,,
skill_e5833458b9aa,,
skill_e5961119d6e7,,
skill_e64dc8524a7c,,
skill_e6676da2b8ae,,
skill_e724bd4903ad,,
skill_e78a50920edb,,
skill_e78e68ecf5a7,,
skill_e79b5ee6c02f,,
skill_e7ddc4b77855,,
skill_e815e2f81d19,,
skill_e84b89cb0250,,
skill_e84d05175cdb,,
skill_e8bc946bc412,,
skill_e8f669cd3550,,
skill_e9029dc71d6c,,
skill_e91f69b80bed,,
skill_e92695289193,,
skill_e94ba2d2520c,,
skill_e99f71e5e051,,
skill_e9a36bcb3cbb,,
skill_ea542256b242,,
skill_eae4ba8ad900,,
skill_eb12c6d39b65,in-ded3a3347d3bcae7,maintain appearance of shared spaces
skill_eb381f246d05,,
skill_eb430ba8da4d,,
skill_ebd8a7930e9d,,
skill_ec4044358925,,
skill_ecd4a5239491,,
skill_ed00747e909b,,
skill_ed1d37234f52,,
skill_ed25510d85ee,,
skill_ed29961e6dba,,
skill_ed34849f26cd,,
skill_edebd440e028,,
skill_ee0d3c9b7b16,,
skill_ee46c42c1259,,
skill_ee5762c92a6b,,
skill_ee6494c5855e,,
skill_ee94d0d88e38,,
skill_eea549fa5b7f,,
skill_eebc9d7a114b,,
skill_efb49a59b6bf,,
skill_f0aac799bdab,,
skill_f164a5f2a591,,
skill_f18598eead6d,in-725db5ff1965a5cf,identify issues related to outstanding payments
skill_f1b10b748960,,
skill_f1edc5aed2f0,,
skill_f23526ca4f81,,
skill_f2588351f91c,,
skill_f265dd2a48b7,,
skill_f2da9a014ff8,,
skill_f3344f7b09aa,,
skill_f39c1aa6555f,,
skill_f3c50947a131,,
skill_f3de0a0c4fe7,,
skill_f43263aa90a7,,
skill_f453c7d834e0,,
skill_f4563c73cbe8,,
skill_f4bb6141a164,,
skill_f4f13b7facc4,,
skill_f5076aabf01b,,
skill_f56e06bb5bfa,,
skill_f57c064caccc,,
skill_f5d628cb0133,,
skill_f61ba5b0ccf0,,
skill_f655b811f522,,
skill_f661b599f642,,
skill_f6e34b325c84,,
skill_f74e08f6a94f,,
skill_f75de6899ab9,,
skill_f7737b579da0,,
skill_f784d9e3eb8c,,
skill_f79889a7e3be,,
skill_f7bab85f5bab,,
skill_f7f281349eb7,,
skill_f8037009418e,,
skill_f822291c1136,,
skill_f86d64926177,,
skill_f8b41f9736b7,,
skill_f8c9e79a87d6,,
skill_f92cb4bbbb8c,,
skill_f952a320c45e,,
skill_f952d833f3fa,,
skill_fa29755ac3ac,,
skill_fa42c6d01077,,
skill_fad86ab0f12e,,
skill_fae32dfceaed,,
skill_fb41b0b4d39a,,
skill_fb45d5aa00d5,,
skill_fb9ecb5896e9,,
skill_fba170454ec7,,
skill_fbd6cf50a7da,,
skill_fbd7e40a7806,,
skill_fc48a5cc49f2,,
skill_fc7a300b6683,,
skill_fcbc78f1e412,,
skill_fcc28c4ac435,,
skill_fd0b33ac1665,,
skill_fd3a3ad1624f,,
skill_fdb29943e18f,,
skill_fde4daa45e09,,
skill_fdf4aa885a40,,
skill_fe07c0a4b6de,in-5673cefe021ebc42,assist students with audio hardware questions
skill_fe33b5c4b06a,,
skill_fe9f8c4ad4ff,,
skill_ff665847a2eb,,
