review_id,knowledge
know_0086b4d7988a,
know_0114ad06d728,
know_0114d059a96e,
know_0185ffc73ca4,
know_01a442ffa9b0,
know_01fabf2624a6,
know_0280b156c999,
know_04dc684d4854,Apache Iceberg
know_05c85f84f439,
know_05e7d19a6d00,
know_078710aec914,
know_07aac6826fd5,
know_0876123796bf,
know_08dc41fbb67d,
know_09019213b8c5,
know_090b5fafb19a,
know_092c839869ff,
know_09349f91e30d,
know_0a99c7f2f2a0,
know_0bb1a3afad59,compliance audits
know_0bb8c320dee5,
know_0c1534f11607,
know_0c3e5c7f3c75,
know_0c63d976c870,
know_0d3e2f879e6a,
know_0dc5303a8837,
know_0efcf787de33,
know_0fb0c69bbf30,
know_0fd539cd68d9,
know_100ef3dfc210,
know_10a5f67eae00,
know_10fc493d67db,
know_10fe5d742f23,
know_11ffe996179a,
know_13783afeae02,
know_13fd1a10d592,
know_14f73e69843e,
know_15ea3f46f42e,
know_16a440285f44,
know_16bd809e24d5,
know_197d816d9b6a,
know_19e15659d540,
know_1b1bf2a2a597,
know_1bcdb03c7b52,box assemblies
know_1c4a726384df,
know_1c98b6fcd2a6,
know_1ce38b99de0b,Confluence
know_1e1ab7995dc9,
know_1eb01c0da669,
know_1eb5f55d4b6d,
know_2055d64c2aba,
know_205d64ff9b58,automation
know_205e612f7e1d,
know_206e3718af09,
know_20a3e5ab3e8b,
know_21ba2e6df1ef,
know_223f0f7587f6,
know_2357726dfdab,
know_250d9c7235cb,
know_2659fbacb312,
know_27e095631142,
know_28427edd80c7,
know_2875ec54afbd,
know_2923d664d2c7,
know_2a1c79184198,
know_2a4698353e80,
know_2ab1f3f89382,
know_2db1397b1a99,
know_2e19534b1ace,
know_2e438c6f4e12,
know_2f862aa0dbd7,
know_2fec392304a5,
know_30136395f018,
know_303cb0ef9edb,
know_304db2483b88,web platforms
know_310e60e47874,
know_3141e135f3ab,
know_314e7e31158f,
know_323887ee1ef3,
know_3385c62e8b55,
know_35c4025f9220,
know_3606bbb27b85,
know_361a86b41dfc,
know_364f4960476f,
know_371651195ada,
know_3899b0511afa,
know_39c034499492,
know_39ef0230e3ff,
know_3ab7958c66cb,
know_3b2819dd4c24,
know_3ba90f7ae365,
know_3c3ae93787f6,
know_3d98d1794295,
know_3df5b1fe9418,
know_3e56befa7c72,
know_3e7971b9e12b,
know_3e7ab11d6e7f,
know_3ec0e905c7d5,
know_3fe17314bd34,
know_40a4346b6f62,
know_41a8d0160f43,
know_427f8d943215,
know_42d316b0cb86,
know_430e8984e72f,
know_432d782b6615,
know_436f33c4e086,
know_43a92a2578e1,
know_4501d30a4b99,
know_463dda7d2c52,
know_464b656ace0f,
know_4665b9a3201a,
know_467d9643b483,
know_4690cd84196b,
know_46b53652efdb,foundational libraries
know_4847e034bb0a,
know_4899b393c764,
know_48e400835855,
know_496b2d15a7e8,
know_4a8417e4fa56,
know_4db2c0d8fe4b,
know_4de91f0fcb9c,
know_517586c0f7b1,
know_51dce3e61450,
know_52a3a325cd7b,CLI tools
know_53fcf4386cab,
know_543aecf35bbc,
know_558052b80ee6,
know_55be393af90f,
know_561194266bb0,
know_569248c23ed5,
know_56f2a913e151,
know_5a6a201af541,
know_5b09e033286d,
know_5b1a02d446cd,
know_5bdf74912a51,
know_5c80fc950eee,
know_5f5c4edfb3e0,
know_60e14efafa51,
know_62fe704d6e5f,
know_63a156b784c8,
know_651a191f8f91,
know_6549257dada9,
know_657fd3eec662,
know_67c5e29d6e6b,
know_68c9af349896,
know_69f9107dec7b,
know_6a5f79467b7e,
know_6a7f87eec030,
know_6ab4dbec47b0,
know_6af575b97fa1,
know_6c8803766ee3,
know_6dbcde40cced,
know_6e57d8bfff7e,
know_6ec1bd1ea6a5,
know_6f4327b67d20,
know_6fce763ce17c,
know_715ecda3bb03,
know_7186b611667d,
know_71f9d29bee44,
know_72549524a8bf,
know_72b3f43ad844,
know_73fb73b7dba7,
know_747577b7b0e5,
know_761883c0d5c5,
know_766ed919e04d,
know_76ad2414e68e,
know_76df58bcdf7e,
know_77c0b180512f,
know_790d379f0690,
know_7982b09a852b,
know_7a39b642dccb,
know_7ac87e42d0e2,
know_7b1ac1aecdeb,
know_7b34e5ad8d2e,
know_7c5078264033,
know_7c81afa30ecd,
know_7d46e8d64e09,
know_7ed7eaee45e3,
know_7f1db7b9231b,
know_7f50f67b8d86,software backend development
know_7fca8f4d2133,
know_80625700a6c8,
know_81efc2968533,
know_82fa83342edc,
know_8303325a9f58,
know_833229634879,
know_836e74238f82,
know_854b40dabdf9,
know_8625e1de7be1,
know_867556de8d88,
know_8683dc493330,
know_88d2d59b3f34,
know_8908209bb3a7,
know_8940a1f1c2e6,
know_89765ba66c55,
know_89948c7f4890,
know_89e8c29f984d,
know_8a1d0fc5d651,
know_8a9da7865483,
know_8d777f385d3d,
know_8e92d804ea68,
know_8f3c29ef770b,
know_8fce58396631,
know_90266d526fd9,
know_909d7be80e0f,
know_912e1b278456,
know_9312518e3f4a,
know_937b3badcdef,
know_947c1b790219,
know_94e381bf2889,
know_94f2b5c05590,
know_9643022141ab,
know_967ef2eb3463,
know_96cee3ac62de,
know_96d82a7fc1d2,
know_96d9b9cbcea4,
know_9755d719c03e,
know_9778840a0100,
know_97818ec23dad,
know_9796cb7b14d1,
know_97ec6d682afc,
know_97f02f6993b9,
know_9828c60f0cff,
know_98bf4640b315,
know_98cd28991161,
know_98d3aa8341bd,
know_99168a2997b0,
know_9bbd45bad55c,
know_9c0408c775a2,
know_9c84b59ba1e4,
know_9cdc4bbeede8,
know_9cfa7aefcc61,
know_9dc613b36350,
know_9df218ba5905,
know_9dfb1965da88,
know_9e49cc70fa85,
know_9e7a029f3a2b,
know_a10aa4a47bdd,
know_a1234b3161b4,
know_a1595abbb4c3,
know_a196369abd52,
know_a21c218df41f,
know_a54fc01a0e9b,
know_a5e13387c005,
know_a5fa5746370b,
know_a62152805e82,
know_a629952deb18,
know_a6dd20cca571,
know_a7f0da159647,
know_a8f2874987b6,
know_a99913111481,Win32
know_a9f1d2e9c351,
know_ac65c9b93424,
know_ac9bb7c74a24,
know_acbe0e8815f0,
know_ad3920a5bf4b,
know_ae0e4bdad7b5,
know_ae551aeefd54,
know_aeb41c0901f6,
know_afa25b53b685,
know_afed06ac8ea3,
know_b105242e556c,
know_b1d278ba8485,
know_b31df235e8ae,
know_b3e154951e44,
know_b3f723b6887c,
know_b4628fe4f5f3,
know_b4d21d83de29,
know_b5085ad33a3c,
know_b68d6bf59ee5,
know_b7190fd13e89,
know_b74e7c72e7c3,
know_b7960df55a70,
know_b7a73d463824,
know_b83dd690f864,
know_b87c87d2a5f4,
know_b9208fa1c113,
know_b929f79fe3c1,
know_b9c6c22e8ce6,
know_bb949cf45faa,platform design
know_bbc3c5fc56f5,
know_bcc8dd2610c7,
know_bd9081e95f9f,
know_be2ae05fb04d,
know_be5d548f9a0c,
know_bf6489af030b,
know_bf9bb4fad8a3,
know_bfe7d4f95426,
know_c06f2b021d7d,
know_c26157b5167b,
know_c2fcd739b9ba,
know_c306fe7249da,
know_c318b79e38cf,
know_c31c335ef372,Angular
know_c3445ffab912,
know_c364c3654f92,
know_c3ee6c5818df,
know_c44a84c46412,
know_c4fda4ce7f99,
know_c566d6d9bc3c,
know_c64d84ae1a8a,
know_c669ce200c81,
know_c769c2bd1550,
know_c7eae342f9ed,
know_c8257f188608,
know_ca6fb71c4c1e,
know_caafcb4edcfa,
know_cab648e8cbe1,
know_caf0f36841fe,
know_cbe77d6dacaa,
know_cca8039fff81,
know_cca8fc743f62,
know_cd85be631dff,
know_cdc6d05eea67,
know_cee171350246,
know_cfc2bc6e9183,
know_cfee6fcd06d9,
know_d010d780a064,
know_d09b2dbc434c,
know_d0bb0be2fea6,
know_d0f019f948e1,
know_d0f5bf7a6eb6,
know_d114b099d78d,Apache Flink
know_d1a932de3508,
know_d1c518457519,Agile methodologies
know_d2968f373705,
know_d35b341d6eed,
know_d398e5ea2ead,
know_d3c8871c17a9,
know_d3eb707a0789,
know_d414a275fffe,
know_d44b34f5a834,
know_d49c8734692f,
know_d51cd6b455bd,
know_d5323cb9b82e,
know_d68695c7318d,
know_d6c54d98df35,
know_d8621144cbc6,
know_d88946b678e4,SEO
know_d8a13144d5ba,
know_d98513b084ec,
know_d9a3e8541c17,
know_db3c10b1e863,
know_db8d03155135,
know_dcdb64c465b9,
know_dd499a46bb9a,
know_ddbb9125f62b,
know_df3c6db99884,
know_df49adab93b9,
know_e0165a7d6b81,
know_e0b899598f52,
know_e1fcaa32ae29,
know_e26cc60cd6e0,
know_e4623a83f457,property development
know_e4c50e7a3518,
know_e52183449a7a,
know_e530f66f0264,
know_e5564043fa65,
know_e55b71fba163,
know_e5cb116e5902,
know_e61ce3062cb7,
know_e6212e3987da,
know_e944435a6b4b,
know_e96a547c868b,
know_e9839443e2c0,
know_e9a861746ceb,
know_e9cdba62ea90,
know_e9ef48a7c810,
know_ea17e0a18fd0,
know_ea18dda30717,
know_ea8a273ce2b9,
know_ec8dbf034027,
know_ecb18776ebbe,predictive maintenance
know_ed08bd3d167e,
know_ee434023cf89,
know_eebc48b89bf1,
know_eeeb91c4e68f,
know_ef4031009e7d,
know_efe01da942ed,
know_f02ccf2a3695,
know_f1eb24184551,
know_f227ff3208e9,
know_f2b4b06b9963,
know_f4c45f0f222c,
know_f5c272adce88,
know_f5c6ba2f3b9c,
know_f6867a28f962,
know_f6d1068a54f2,
know_f78a7241ee06,
know_f92e622a9e43,
know_f963801f3398,
know_f9731341a234,
know_fb01eb7d017d,
know_fb347e3972f2,
know_fcaeeb6e34b4,
know_fd29e03a13f2,
know_fd4c638da5f8,
know_fd8b079e0803,
know_fdb0c26e10f7,
know_fe1a14fcf17e,platform reliability
know_fe2567bc91f7,
know_fed36e93a050,
know_feecd43a26a6,
